Country,"Children out of school, primary, female","[YEAR] Children out of school, primary, female","Children out of school, primary, male","[YEAR] Children out of school, primary, male","Educational attainment, at least Bachelor's or equivalent, population 25+, female (%) (cumulative)","[YEAR] Educational attainment, at least Bachelor's or equivalent, population 25+, female (%) (cumulative)","Educational attainment, at least Bachelor's or equivalent, population 25+, male (%) (cumulative)","[YEAR] Educational attainment, at least Bachelor's or equivalent, population 25+, male (%) (cumulative)","Educational attainment, at least completed post-secondary, population 25+, female (%) (cumulative)","[YEAR] Educational attainment, at least completed post-secondary, population 25+, female (%) (cumulative)","Educational attainment, at least completed post-secondary, population 25+, male (%) (cumulative)","[YEAR] Educational attainment, at least completed post-secondary, population 25+, male (%) (cumulative)","Educational attainment, at least completed primary, population 25+ years, female (%) (cumulative)","[YEAR] Educational attainment, at least completed primary, population 25+ years, female (%) (cumulative)","Educational attainment, at least completed primary, population 25+ years, male (%) (cumulative)","[YEAR] Educational attainment, at least completed primary, population 25+ years, male (%) (cumulative)","Educational attainment, Doctoral or equivalent, population 25+, female (%) (cumulative)","[YEAR] Educational attainment, Doctoral or equivalent, population 25+, female (%) (cumulative)","Educational attainment, Doctoral or equivalent, population 25+, male (%) (cumulative)","[YEAR] Educational attainment, Doctoral or equivalent, population 25+, male (%) (cumulative)","Expected Years of School, Female","[YEAR] Expected Years of School, Female","Expected Years of School, Male","[YEAR] Expected Years of School, Male",Female primary school age children out-of-school (%),[YEAR] Female primary school age children out-of-school (%),"Female share of graduates from Science, Technology, Engineering and Mathematics (STEM) programmes, tertiary (%)","[YEAR] Female share of graduates from Science, Technology, Engineering and Mathematics (STEM) programmes, tertiary (%)",Female pupils below minimum reading proficiency at end of primary (%). Low GAML threshold,[YEAR] Female pupils below minimum reading proficiency at end of primary (%). Low GAML threshold,"Female share of graduates in Arts and Humanities programmes, tertiary (%)","[YEAR] Female share of graduates in Arts and Humanities programmes, tertiary (%)","Female share of graduates in Agriculture, Forestry, Fisheries and Veterinary programmes, tertiary (%)","[YEAR] Female share of graduates in Agriculture, Forestry, Fisheries and Veterinary programmes, tertiary (%)","Female share of graduates in Business, Administration and Law programmes, tertiary (%)","[YEAR] Female share of graduates in Business, Administration and Law programmes, tertiary (%)","Female share of graduates in Engineering, Manufacturing and Construction programmes, tertiary (%)","[YEAR] Female share of graduates in Engineering, Manufacturing and Construction programmes, tertiary (%)","Female share of graduates in Health and Welfare programmes, tertiary (%)","[YEAR] Female share of graduates in Health and Welfare programmes, tertiary (%)","Female share of graduates in Education programmes, tertiary (%)","[YEAR] Female share of graduates in Education programmes, tertiary (%)","Female share of graduates in Natural Sciences, Mathematics and Statistics programmes, tertiary (%)","[YEAR] Female share of graduates in Natural Sciences, Mathematics and Statistics programmes, tertiary (%)","Female share of graduates in Information and Communication Technologies programmes, tertiary (%)","[YEAR] Female share of graduates in Information and Communication Technologies programmes, tertiary (%)","Female share of graduates in other fields than Science, Technology, Engineering and Mathematics programmes, tertiary (%)","[YEAR] Female share of graduates in other fields than Science, Technology, Engineering and Mathematics programmes, tertiary (%)","Female share of graduates in Services programmes, tertiary (%)","[YEAR] Female share of graduates in Services programmes, tertiary (%)","Female share of graduates in Social Sciences, Journalism and Information programmes, tertiary (%)","[YEAR] Female share of graduates in Social Sciences, Journalism and Information programmes, tertiary (%)","Gross graduation ratio, primary, female (%)","[YEAR] Gross graduation ratio, primary, female (%)","Literacy rate, adult female (% of females ages 15 and above)","[YEAR] Literacy rate, adult female (% of females ages 15 and above)","Literacy rate, adult male (% of males ages 15 and above)","[YEAR] Literacy rate, adult male (% of males ages 15 and above)","Literacy rate, youth female (% of females ages 15-24)","[YEAR] Literacy rate, youth female (% of females ages 15-24)","Literacy rate, youth male (% of males ages 15-24)","[YEAR] Literacy rate, youth male (% of males ages 15-24)","Progression to secondary school, female (%)","[YEAR] Progression to secondary school, female (%)","Primary education, teachers (% female)","[YEAR] Primary education, teachers (% female)","Primary education, pupils (% female)","[YEAR] Primary education, pupils (% female)"
BEN,88277.0,2019.0,32693.0,2019.0,,,,,,,,,,,,,,,,,8.823309898,2020.0,9.608486176,2020.0,,,54.884780000000006,2015.0,,,56.08639,2015.0,60.50808000000001,2015.0,61.35154,2015.0,54.64481,2015.0,63.66534,2015.0,68.57143,2015.0,54.937819999999995,2015.0,55.06884,2015.0,60.84353,2015.0,59.07591,2015.0,61.490680000000005,2015.0,50.33269,2018.0,31.07164955,2018.0,53.97703171,2018.0,51.94361877,2018.0,69.76117706,2018.0,85.17943000000001,2015.0,26.53494072,2019.0,47.67029,2018.0
BWA,16996.0,2014.0,19288.0,2014.0,,,,,,,,,,,,,,,,,8.519343376,2020.0,7.727594852,2020.0,,,,,,,56.0,2017.0,57.9646,2017.0,,,,,70.03922,2017.0,70.58824,2017.0,,,,,,,66.97736,2017.0,,,76.60410999999999,2014.0,,,,,,,,,,,74.29987335,2015.0,48.86193,2015.0
BFA,377174.0,2019.0,371101.0,2019.0,0.0,2014.0,0.0,2014.0,0.0,2014.0,0.0,2014.0,,,,,0.0,2014.0,0.0,2014.0,7.004424095,2020.0,7.034153937999999,2020.0,32.99359131,2014.0,20.5868,2018.0,79.6354599,2014.0,17.509729999999998,2018.0,33.802820000000004,2018.0,48.659209999999995,2018.0,21.57895,2018.0,42.65487,2018.0,8.536589999999999,2018.0,18.74126,2018.0,28.57143,2016.0,45.029379999999996,2018.0,37.2549,2018.0,45.351240000000004,2018.0,64.63598,2016.0,32.68761826,2018.0,50.07458878,2018.0,54.66999817,2018.0,61.79000092,2018.0,79.47294000000001,2017.0,47.98313904,2019.0,48.71518,2018.0
BDI,55313.0,2019.0,85660.0,2019.0,0.46998000100000004,2017.0,1.4012299780000002,2017.0,1.052780032,2017.0,2.290019989,2017.0,13.82054996,2017.0,22.68732071,2017.0,,,,,7.907243729,2020.0,7.369833469,2020.0,1.731712341,2014.0,18.16911,2017.0,91.33420563,2014.0,12.13425,2017.0,65.0655,2017.0,35.91636,2017.0,8.03403,2017.0,40.390190000000004,2017.0,12.5625,2017.0,21.09181,2017.0,26.553109999999997,2017.0,31.285870000000003,2017.0,23.89108,2017.0,55.113640000000004,2017.0,67.22006999999999,2018.0,61.22369003,2017.0,76.29605103,2017.0,85.61855316,2017.0,91.03414917,2017.0,76.97064,2017.0,50.31332016,2019.0,50.11885,2018.0
CPV,2238.0,2018.0,1735.0,2018.0,7.010529995,2015.0,6.833909987999999,2015.0,12.31680012,2015.0,11.38064957,2015.0,49.46517181,2015.0,54.6093483,2015.0,0.081569999,2015.0,0.0,2015.0,,,,,,,42.35808,2018.0,,,71.42857,2018.0,100.0,2018.0,66.74938,2018.0,32.653059999999996,2018.0,77.44108,2018.0,56.98324,2018.0,66.66667,2018.0,44.0,2018.0,68.68178,2018.0,,,68.87966999999999,2018.0,91.41214000000001,2018.0,82.04222107,2015.0,91.69143677,2015.0,98.73017883,2015.0,97.58500671,2015.0,94.63132,2017.0,71.11402893,2018.0,47.80358,2018.0
CMR,262532.0,2019.0,83981.0,2019.0,,,,,,,,,,,,,,,,,8.312488556,2020.0,9.124749184,2020.0,10.01245117,2014.0,32.27844,2017.0,72.91483307,2014.0,63.43022,2017.0,29.08108,2017.0,54.365730000000006,2017.0,25.1945,2017.0,60.709990000000005,2017.0,44.16451,2017.0,36.263740000000006,2017.0,,,53.9549,2017.0,68.92779,2017.0,,,38.16937,2018.0,71.58627319,2018.0,82.6280365,2018.0,82.41000366,2018.0,87.72000122,2018.0,69.35837,2015.0,55.51343155,2019.0,47.0142,2018.0
TCD,483664.0,2019.0,240215.0,2019.0,,,,,,,,,,,,,,,,,4.392579556,2020.0,6.2182431220000005,2020.0,31.487022399999997,2014.0,,,97.5767746,2014.0,,,,,,,,,,,,,,,,,,,,,,,,,13.95522976,2016.0,31.32879066,2016.0,22.38714981,2016.0,40.69289017,2016.0,65.19256,2015.0,18.77783012,2019.0,43.361740000000005,2016.0
COM,11145.0,2018.0,11522.0,2018.0,,,,,,,,,,,,,,,,,8.355579376,2020.0,7.996760845,2020.0,,,,,,,,,,,,,,,44.44444,2014.0,45.0,2014.0,,,,,,,44.0,2014.0,,,59.09661,2018.0,52.95639038,2018.0,64.64420319,2018.0,78.30236053,2018.0,78.23941040000001,2018.0,,,29.49412918,2018.0,49.0784,2018.0
CIV,166688.0,2019.0,32670.0,2019.0,1.4620000119999998,2014.0,4.04805994,2014.0,3.4048299789999996,2014.0,7.074580192999999,2014.0,27.815380100000002,2014.0,42.39215851,2014.0,0.11107,2014.0,0.409909993,2014.0,7.600057602000001,2020.0,8.515255928,2020.0,,,,,,,,,,,,,,,,,,,,,,,,,,,,,60.817930000000004,2018.0,40.49937057,2018.0,53.65694046,2018.0,53.02510071,2018.0,63.84492111,2018.0,92.50092,2016.0,31.59939957,2019.0,47.90466,2018.0
GNQ,40811.0,2015.0,42800.0,2015.0,,,,,,,,,,,,,,,,,,,,,,,,,,,,,,,,,,,,,,,,,,,,,,,,,41.26038,2015.0,,,,,,,,,,,44.39194107,2015.0,49.097390000000004,2015.0
ERI,124564.0,2018.0,117424.0,2018.0,,,,,,,,,,,,,,,,,,,,,,,27.80749,2016.0,,,24.61538,2016.0,51.6035,2016.0,35.81731,2016.0,28.052809999999997,2016.0,37.36018,2016.0,39.336490000000005,2016.0,28.57143,2016.0,0.0,2016.0,40.7225,2016.0,,,51.492540000000005,2016.0,54.07185,2018.0,68.94618988,2018.0,84.37323761,2018.0,92.7140274,2018.0,93.81867981,2018.0,92.98366999999999,2017.0,39.02304077,2018.0,45.10555,2018.0
SWZ,17707.0,2018.0,16087.0,2018.0,,,,,,,,,,,,,,,,,6.771010876,2020.0,6.124590397,2020.0,,,0.0,2015.0,,,,,,,,,,,,,0.0,2015.0,,,,,,,,,,,106.44358000000001,2017.0,88.54268646,2018.0,88.2875824,2018.0,96.69525146,2018.0,94.29769135,2018.0,97.99014,2016.0,69.68688202,2018.0,47.63762,2017.0
ETH,1394680.0,2015.0,911879.0,2015.0,,,,,,,,,,,,,,,,,7.516855717,2020.0,8.090050697,2020.0,,,,,,,,,,,,,,,,,,,,,,,,,,,,,37.99309,2015.0,44.42338181,2017.0,59.24145889,2017.0,71.97251129,2017.0,73.52072144,2017.0,90.91628,2014.0,,,47.10823,2015.0
GMB,18319.0,2019.0,36013.0,2019.0,,,,,,,,,,,,,,,,,9.81705761,2020.0,9.206991196,2020.0,,,,,,,,,,,,,,,,,,,,,,,,,,,,,78.94523000000001,2018.0,41.57701874,2015.0,61.76725006,2015.0,64.44683075,2015.0,70.74347687,2015.0,,,36.19443893,2019.0,51.81304,2018.0
GHA,8783.0,2019.0,26649.0,2019.0,,,,,,,,,,,,,,,,,12.22963333,2020.0,12.01500225,2020.0,,,19.76201,2018.0,,,46.23256,2018.0,26.779659999999996,2018.0,44.81349,2018.0,16.41093,2018.0,60.84955,2018.0,42.111470000000004,2018.0,26.759659999999997,2018.0,19.867929999999998,2018.0,45.20187,2018.0,64.14343000000001,2018.0,40.06103,2018.0,99.84943,2019.0,74.47438812,2018.0,83.52458191,2018.0,92.2085495,2018.0,92.76100159,2018.0,94.80775,2017.0,42.95325851,2019.0,49.313309999999994,2019.0
GIN,283090.0,2016.0,142323.0,2016.0,1.786280036,2014.0,7.51267004,2014.0,2.4853699209999998,2014.0,8.793299675,2014.0,9.124839782999999,2014.0,24.83065033,2014.0,0.02163,2014.0,0.137130007,2014.0,6.161218166,2020.0,7.814732075,2020.0,,,,,,,,,,,,,,,,,,,,,,,,,,,,,29.78995,2016.0,21.96224976,2014.0,43.64009094,2014.0,37.21017838,2014.0,56.97050858,2014.0,,,30.59448051,2016.0,44.67386,2016.0
LSO,3109.0,2017.0,4299.0,2017.0,,,,,,,,,,,,,,,,,10.41264439,2020.0,9.678202629,2020.0,,,24.8237,2018.0,,,56.682030000000005,2018.0,48.78049,2018.0,61.84211,2018.0,18.43972,2018.0,72.78481,2018.0,68.66223000000001,2018.0,45.16129,2018.0,31.25,2018.0,65.44663,2018.0,66.50485,2018.0,77.5,2018.0,,,84.93489075,2014.0,67.74746704,2014.0,93.96987915,2014.0,79.60803986,2014.0,88.47667,2015.0,74.80970764,2017.0,48.8771,2017.0
LBR,77218.0,2017.0,82261.0,2017.0,,,,,,,,,,,,,,,,,4.166073798999999,2020.0,4.148120403,2020.0,,,,,,,,,,,,,,,,,,,,,,,,,,,,,45.17347,2015.0,34.09225845,2017.0,62.69655991,2017.0,45.63871002,2017.0,64.95713043,2017.0,81.36291,2016.0,18.45581055,2017.0,48.85787,2017.0
MLI,711827.0,2018.0,631173.0,2018.0,1.0008200409999999,2018.0,3.595649958,2018.0,3.546629906,2018.0,9.026459694,2018.0,10.45401955,2018.0,21.19477081,2018.0,0.00981,2018.0,0.219109997,2018.0,4.900067806,2020.0,5.575927257999999,2020.0,,,,,,,,,,,,,,,,,,,,,,,,,,,,,,,25.73516083,2018.0,46.18413925,2018.0,43.39810944,2018.0,57.83325958,2018.0,79.57796,2016.0,31.68664932,2018.0,46.5862,2018.0
MRT,70645.0,2019.0,85497.0,2019.0,,,,,,,,,,,,,,,,,7.943014622000001,2020.0,7.52464056,2020.0,,,28.85748,2017.0,,,24.68443,2017.0,0.0,2017.0,48.6413,2017.0,11.72414,2017.0,57.69231,2017.0,8.75,2017.0,29.608940000000004,2017.0,41.317370000000004,2017.0,29.9389,2017.0,44.82759,2017.0,37.57962,2017.0,40.400220000000004,2018.0,43.35438919,2017.0,63.74855042,2017.0,56.7607193,2017.0,70.93633270000001,2017.0,63.63329,2017.0,35.43595886,2019.0,50.704679999999996,2018.0
MOZ,110861.0,2019.0,32478.0,2019.0,1.3101400140000001,2017.0,2.418060064,2017.0,1.4093500380000001,2017.0,2.618839979,2017.0,36.06042099,2017.0,58.07165146,2017.0,0.021480000000000003,2017.0,0.057539999,2017.0,,,,,,,29.2567,2018.0,,,51.00671,2018.0,35.39192,2018.0,55.14286,2018.0,28.64465,2018.0,75.17058,2018.0,42.51683,2018.0,45.29915,2018.0,20.98765,2018.0,51.97113,2018.0,27.68116,2018.0,56.95652,2018.0,40.27084,2017.0,50.29513931,2017.0,72.59944916,2017.0,65.48976898,2017.0,77.26016998,2017.0,75.53374000000001,2015.0,45.98231888,2019.0,48.10345,2018.0
NER,886775.0,2019.0,760498.0,2019.0,,,,,,,,,,,,,,,,,5.044941425,2020.0,5.936445236,2020.0,43.92869186,2014.0,18.027910000000002,2018.0,97.83222198,2014.0,52.655390000000004,2018.0,18.71622,2018.0,27.063879999999997,2018.0,7.445810000000001,2018.0,31.35456,2018.0,51.98749,2018.0,20.67844,2018.0,22.797929999999997,2018.0,33.95438,2018.0,17.96821,2018.0,45.94252,2018.0,28.415740000000003,2018.0,26.64999962,2018.0,43.59405899,2018.0,35.56000137,2018.0,51.06999969,2018.0,56.04456,2015.0,53.65089035,2019.0,45.5647,2017.0
RWA,59284.0,2019.0,62064.0,2019.0,3.4239900110000003,2018.0,4.963309765,2018.0,3.4239900110000003,2018.0,4.963309765,2018.0,31.83176994,2018.0,40.85319138,2018.0,0.0,2018.0,0.034699999,2018.0,7.063881874,2020.0,6.639947891,2020.0,,,35.36145,2018.0,,,27.5,2018.0,37.46929,2018.0,55.38485,2018.0,26.54792,2018.0,58.30619,2018.0,43.692609999999995,2018.0,41.34078,2018.0,39.081540000000004,2018.0,49.903420000000004,2018.0,50.25445,2018.0,47.78504,2018.0,77.04008,2018.0,69.39453888,2018.0,77.55879974,2018.0,88.50182343,2018.0,84.32592773,2018.0,72.04403,2017.0,55.48110962,2019.0,49.70078,2018.0
STP,1037.0,2017.0,1063.0,2017.0,,,,,,,,,,,,,,,,,,,,,,,,,,,,,,,,,,,,,,,,,,,,,,,,,80.82552,2016.0,89.51573181,2018.0,96.16268158,2018.0,97.85417938,2018.0,97.71246338,2018.0,100.0,2016.0,54.90359879,2017.0,48.67373,2017.0
SEN,274164.0,2019.0,407132.0,2019.0,0.902320027,2017.0,4.794419765,2017.0,4.5542497630000005,2017.0,15.85729027,2017.0,13.09636021,2017.0,31.569480900000002,2017.0,0.038610000000000005,2017.0,0.09904000199999999,2017.0,7.922250271,2020.0,6.799014091,2020.0,22.5568924,2014.0,,,65.8436203,2014.0,,,,,,,,,,,,,,,,,,,,,,,39.96798,2018.0,39.7985611,2017.0,64.81227875,2017.0,63.50270844,2017.0,75.57640839,2017.0,71.01626,2016.0,31.89834976,2019.0,52.52478000000001,2018.0
SLE,9053.0,2015.0,10200.0,2015.0,,,,,,,,,,,,,,,,,9.726289749,2020.0,9.485028267,2020.0,,,,,,,,,,,,,,,,,,,,,,,,,,,,,64.80597,2017.0,34.85203171,2018.0,51.6468811,2018.0,62.69921875,2018.0,70.57611084,2018.0,91.59633000000001,2017.0,29.92165947,2019.0,50.85221,2018.0
ZAF,386532.0,2018.0,458946.0,2018.0,8.21088028,2017.0,8.282770157,2017.0,13.688500400000002,2017.0,13.6996603,2017.0,84.82907867,2017.0,86.97650909,2017.0,0.259119987,2017.0,0.36322999,2017.0,10.14945889,2020.0,10.23164272,2020.0,8.198471069,2016.0,42.75694,2017.0,71.62612152,2016.0,61.95596999999999,2017.0,52.221509999999995,2017.0,57.280190000000005,2017.0,32.238690000000005,2017.0,74.8908,2017.0,76.11837,2017.0,56.346680000000006,2017.0,38.42537,2017.0,65.58689,2017.0,78.49246,2017.0,68.30046,2017.0,,,86.45863342,2017.0,87.67774963,2017.0,96.87589264,2017.0,93.75608826,2017.0,98.18947,2015.0,78.81037140000001,2015.0,48.653209999999994,2017.0
SSD,580070.0,2015.0,508255.0,2015.0,,,,,,,,,,,,,,,,,3.916237831,2020.0,5.411924362000001,2020.0,,,,,,,,,,,,,,,,,,,,,,,,,,,,,23.66058,2015.0,28.86425972,2018.0,40.26480865,2018.0,47.36920166,2018.0,48.42514038,2018.0,,,14.8341198,2015.0,40.87908,2015.0
SDN,1226657.0,2017.0,1216359.0,2017.0,,,,,,,,,,,,,,,,,6.946311951,2020.0,7.213476657999999,2020.0,,,47.18265,2015.0,,,50.16905,2015.0,55.136990000000004,2015.0,,,46.27565,2015.0,49.89602,2015.0,49.03768,2015.0,47.7254,2015.0,,,49.23142,2015.0,46.774190000000004,2015.0,47.95843,2015.0,61.97237,2017.0,56.06322861,2018.0,65.43515015,2018.0,73.48999786,2018.0,72.51000214,2018.0,94.27646999999999,2016.0,,,47.78577,2017.0
TZA,613436.0,2019.0,821213.0,2019.0,,,,,,,,,,,,,,,,,7.3342409129999995,2020.0,7.0999803539999995,2020.0,,,,,,,,,,,,,,,,,,,,,,,,,,,,,75.51849,2018.0,73.09382629,2015.0,83.20484924,2015.0,84.64080048,2015.0,87.01309967,2015.0,69.17135999999999,2017.0,49.68259811,2019.0,50.09162,2018.0
TGO,25663.0,2019.0,14408.0,2019.0,,,,,,,,,,,,,,,,,9.382257462,2020.0,10.07532215,2020.0,11.72274017,2014.0,,,82.73653412,2014.0,,,,,,,,,,,,,,,,,,,,,,,74.06087,2018.0,51.24177933,2015.0,77.25942993,2015.0,78.37084961,2015.0,89.67247009,2015.0,79.58255,2017.0,17.03589058,2019.0,48.95802,2018.0
ZMB,214262.0,2017.0,281430.0,2017.0,,,,,,,,,,,,,,,,,8.794576645,2020.0,8.785708427000001,2020.0,,,,,,,,,,,,,,,,,,,,,,,,,,,,,81.07713000000001,2016.0,83.08344269,2018.0,90.60118103,2018.0,91.62818909,2018.0,92.55963898,2018.0,,,50.45774841,2017.0,50.24968,2017.0
DJI,15408.0,2020.0,15489.0,2020.0,,,,,,,,,,,,,,,,,,,,,,,,,,,,,,,,,,,,,,,,,,,,,,,,,60.15675,2018.0,,,,,,,,,84.38428,2017.0,30.60606003,2020.0,46.36031,2019.0
AGO,,,,,2.000610113,2014.0,3.3424499030000003,2014.0,2.000610113,2014.0,3.3424499030000003,2014.0,32.89524078,2014.0,56.42045975,2014.0,,,,,6.973901272000001,2020.0,9.243624687,2020.0,,,38.41584,2015.0,,,36.43411,2015.0,28.20513,2015.0,48.288340000000005,2015.0,22.39583,2015.0,66.83417,2015.0,39.13252,2015.0,66.27566,2015.0,37.95987,2015.0,47.90522,2015.0,48.48485,2015.0,55.00899999999999,2015.0,,,53.4072113,2014.0,79.97415161,2014.0,70.58512878,2014.0,84.86238098,2014.0,,,47.17876816,2016.0,46.86435,2015.0
COD,,,,,1.4958100319999998,2016.0,5.631269932,2016.0,4.992809772,2016.0,13.60243988,2016.0,49.94458008,2016.0,78.36145782,2016.0,0.01429,2016.0,0.03492,2016.0,8.786653519,2020.0,9.484571457000001,2020.0,,,25.09538,2016.0,,,53.44908,2016.0,25.84526,2016.0,38.33726,2016.0,9.799719999999999,2016.0,45.78552,2016.0,24.54335,2016.0,32.61015,2016.0,36.64532,2016.0,36.84872,2016.0,25.396829999999998,2016.0,35.3489,2016.0,12.74785,2015.0,66.49997711,2016.0,88.52468872,2016.0,79.71484375,2016.0,90.96096802,2016.0,,,28.61430931,2018.0,49.46434,2015.0
ZWE,,,,,2.466429949,2017.0,4.143929958,2017.0,7.706520081,2017.0,11.36509991,2017.0,79.00035858,2017.0,86.37658691,2017.0,0.024730001,2017.0,0.050409999000000004,2017.0,10.97491837,2020.0,11.13667202,2020.0,,,28.79315,2015.0,,,46.19565,2015.0,50.856629999999996,2015.0,51.79848,2015.0,20.46313,2015.0,30.785559999999997,2015.0,40.4089,2015.0,30.622840000000004,2015.0,46.11547,2015.0,47.50226,2015.0,66.94561,2015.0,45.66415,2015.0,,,88.28382874,2014.0,89.18537140000001,2014.0,93.18834686,2014.0,87.59185791,2014.0,,,,,,
EGY,,,,,,,,,12.67203045,2017.0,13.22704983,2017.0,,,,,0.237839997,2017.0,0.35958999399999997,2017.0,11.56178951,2020.0,11.37078762,2020.0,0.819747925,2016.0,36.89891,2016.0,64.60153198,2016.0,68.54548,2016.0,49.37484,2016.0,35.845259999999996,2016.0,20.93463,2016.0,55.94951,2016.0,69.14943000000001,2016.0,64.15861,2016.0,36.809129999999996,2016.0,55.75456,2016.0,40.04972,2016.0,41.338609999999996,2016.0,102.46708000000001,2018.0,65.50569153,2017.0,76.49521637,2017.0,86.81054688,2017.0,89.48338318,2017.0,98.1171,2017.0,62.29399109,2019.0,48.59901,2018.0
TUN,,,,,,,,,14.79384995,2016.0,15.53761959,2016.0,65.81136322,2016.0,82.99297333,2016.0,,,,,11.22850418,2020.0,9.972633362,2020.0,,,55.4091,2018.0,,,79.91369,2018.0,73.84793,2018.0,71.29323000000001,2018.0,44.18978,2018.0,75.25896,2018.0,75.38462,2018.0,77.14837,2018.0,55.640609999999995,2018.0,73.59779,2018.0,56.93581999999999,2018.0,77.3175,2018.0,104.37716,2018.0,72.22377014,2014.0,86.06011963,2014.0,95.80119324,2014.0,96.61183929,2014.0,97.53871,2016.0,63.97483826,2018.0,48.02835,2018.0
CAF,,,,,,,,,,,,,,,,,,,,,3.848102808,2020.0,5.288895607,2020.0,,,,,,,,,,,,,,,,,,,,,,,,,,,,,,,25.75638008,2018.0,49.51459122,2018.0,28.70665932,2018.0,47.80493164,2018.0,,,19.08568954,2016.0,43.61322,2016.0
COG,,,,,,,,,,,,,,,,,,,,,9.095522881,2020.0,8.71701622,2020.0,9.145599365,2014.0,20.80925,2017.0,82.11528778,2014.0,42.50513,2017.0,21.91781,2017.0,48.75972,2017.0,15.705770000000001,2017.0,37.01299,2017.0,21.8543,2017.0,22.89855,2017.0,26.70157,2017.0,45.47211,2017.0,35.071090000000005,2017.0,41.878840000000004,2017.0,,,74.61875916,2018.0,86.07650757,2018.0,78.74230957,2018.0,85.34165192,2018.0,,,,,,
GAB,,,,,,,,,,,,,,,,,,,,,8.538388252,2020.0,7.92792654,2020.0,,,,,,,,,,,,,,,,,,,,,,,,,,,,,,,83.42397308,2018.0,85.85234833,2018.0,91.44937897,2018.0,88.14196014,2018.0,,,,,,
KEN,,,,,,,,,,,,,,,,,,,,,11.37633133,2020.0,11.89507294,2020.0,,,30.72713,2016.0,,,47.73766,2016.0,37.28048,2016.0,46.98301,2016.0,19.4614,2016.0,49.060959999999994,2016.0,49.147420000000004,2016.0,37.98633,2016.0,30.10329,2016.0,48.086090000000006,2016.0,42.59353,2016.0,56.161319999999996,2016.0,105.91333,2016.0,78.1889267,2018.0,84.98883057,2018.0,88.08000183,2018.0,87.58999634,2018.0,100.0,2015.0,50.23619843,2015.0,49.67015,2016.0
MDG,,,,,,,,,,,,,,,,,,,,,8.609224318999999,2020.0,8.192638397,2020.0,,,31.01747,2018.0,,,50.901379999999996,2018.0,41.19318,2018.0,53.7922,2018.0,18.518520000000002,2018.0,67.86374,2018.0,50.94595,2018.0,37.24763,2018.0,33.636359999999996,2018.0,55.30948000000001,2018.0,61.05528,2018.0,46.03533,2018.0,48.241620000000005,2018.0,72.38408661,2018.0,77.27513885,2018.0,80.67803192,2018.0,81.719841,2018.0,72.62113000000001,2015.0,52.99055099,2019.0,49.79428,2018.0
MWI,,,,,,,,,,,,,,,,,,,,,9.593108177000001,2020.0,9.549746512999999,2020.0,,,,,,,,,,,,,,,,,,,,,,,,,,,,,29.62173,2015.0,55.20410919,2015.0,69.75396729,2015.0,73.38580322,2015.0,72.49172211,2015.0,,,45.01205063,2019.0,49.949670000000005,2018.0
MUS,,,,,,,,,,,,,,,,,,,,,12.72084808,2020.0,12.15695572,2020.0,,,36.02903,2017.0,,,77.13675,2017.0,29.059829999999998,2017.0,59.21376,2017.0,25.25253,2017.0,64.62765999999999,2017.0,74.16149,2017.0,66.13333,2017.0,31.59117,2017.0,62.93728,2017.0,42.16867,2017.0,73.5363,2017.0,82.14329000000001,2018.0,89.36637878,2018.0,93.35735321,2018.0,99.35341644,2018.0,98.7379837,2018.0,98.79534,2017.0,80.17378998,2019.0,49.72,2018.0
NAM,,,,,,,,,,,,,,,,,,,,,9.700365067,2020.0,9.069747925,2020.0,,,42.495779999999996,2017.0,,,62.31156,2017.0,53.072630000000004,2017.0,66.01473,2017.0,33.9196,2017.0,79.50581,2017.0,76.45039,2017.0,60.12862,2017.0,38.15514,2017.0,70.16279,2017.0,51.30435,2017.0,71.36564,2017.0,88.95246,2018.0,91.43643188,2018.0,91.62741852,2018.0,96.19844055,2018.0,94.10936737,2018.0,,,68.49720764,2018.0,49.215540000000004,2018.0
NGA,,,,,,,,,,,,,,,,,,,,,10.09999943,2020.0,10.27700043,2020.0,,,,,,,,,,,,,,,,,,,,,,,,,,,,,,,52.65647888,2018.0,71.25570679,2018.0,68.26262665,2018.0,81.5806427,2018.0,,,,,47.49777,2016.0
SYC,,,,,,,,,,,,,,,,,,,,,13.44680405,2020.0,12.73827171,2020.0,,,31.57895,2018.0,,,68.75,2018.0,66.66667,2015.0,77.12765999999999,2018.0,13.953489999999999,2018.0,88.88889,2018.0,65.51724,2018.0,78.94736999999999,2018.0,21.42857,2018.0,76.9863,2018.0,71.79486999999999,2018.0,78.57143,2018.0,108.70827,2018.0,96.35019684,2018.0,95.41175842,2018.0,99.59999847,2018.0,98.55999756,2018.0,97.23836999999999,2017.0,85.06288909999999,2019.0,50.14042,2018.0
UGA,,,,,,,,,,,,,,,,,,,,,7.01,2017.0,6.98,2017.0,,,,,,,,,,,,,,,,,,,,,,,,,,,,,54.00156,2017.0,70.83805847,2018.0,82.65601349,2018.0,89.95063782,2018.0,88.82689667,2018.0,57.26474,2016.0,43.06932068,2017.0,50.28032,2017.0
DZA,,,,,,,,,,,,,,,,,,,,,12.2455883,2020.0,11.46792603,2020.0,,,58.1698,2018.0,,,80.57486,2018.0,76.78005,2018.0,57.651790000000005,2018.0,48.46417,2018.0,70.51965,2018.0,80.37373000000001,2018.0,83.0561,2018.0,48.93372,2018.0,69.7799,2018.0,41.45357,2018.0,68.37046,2018.0,109.08663999999999,2018.0,75.32296753,2018.0,87.42295837,2018.0,97.25215912,2018.0,97.59406281,2018.0,98.3805,2017.0,81.7284317,2019.0,47.82363,2018.0
GNB,,,,,,,,,,,,,,,,,,,,,,,,,,,,,,,,,,,,,,,,,,,,,,,,,,,,,,,30.76851082,2014.0,62.15797043,2014.0,49.75632095,2014.0,71.25032806,2014.0,,,,,,
