Country,"Access to anti-retroviral drugs, female (%)","[YEAR] Access to anti-retroviral drugs, female (%)","Access to anti-retroviral drugs, male (%)","[YEAR] Access to anti-retroviral drugs, male (%)",Births attended by skilled health staff (% of total),[YEAR] Births attended by skilled health staff (% of total),"Cause of death, by communicable diseases, ages 15-34, female (% of relevant age group)","[YEAR] Cause of death, by communicable diseases, ages 15-34, female (% of relevant age group)","Cause of death, by communicable diseases, ages 15-34, male (% of relevant age group)","[YEAR] Cause of death, by communicable diseases, ages 15-34, male (% of relevant age group)","Cause of death, by communicable diseases, ages 35-59, female (% of relevant age group)","[YEAR] Cause of death, by communicable diseases, ages 35-59, female (% of relevant age group)","Cause of death, by communicable diseases, ages 35-59, male (% of relevant age group)","[YEAR] Cause of death, by communicable diseases, ages 35-59, male (% of relevant age group)","Cause of death, by injury, ages 15-34, female  (% of relevant age group)","[YEAR] Cause of death, by injury, ages 15-34, female  (% of relevant age group)","Cause of death, by injury, ages 35-59, female (% of relevant age group)","[YEAR] Cause of death, by injury, ages 35-59, female (% of relevant age group)","Cause of death, by non-communicable diseases, ages 15-34, male (% of relevant age group)","[YEAR] Cause of death, by non-communicable diseases, ages 15-34, male (% of relevant age group)","Cause of death, by non-communicable diseases, ages 35-59, female (% of relevant age group)","[YEAR] Cause of death, by non-communicable diseases, ages 35-59, female (% of relevant age group)","Cause of death, by non-communicable diseases, ages 35-59, male (% of relevant age group)","[YEAR] Cause of death, by non-communicable diseases, ages 35-59, male (% of relevant age group)","Incidence of HIV, ages 15-24, female (per 1,000 uninfected female population ages 15-24)","[YEAR] Incidence of HIV, ages 15-24, female (per 1,000 uninfected female population ages 15-24)","Incidence of HIV, ages 15-24, male (per 1,000 uninfected male population ages 15-24)","[YEAR] Incidence of HIV, ages 15-24, male (per 1,000 uninfected male population ages 15-24)","Incidence of HIV, ages 15-49, female (per 1,000 uninfected female population ages 15-49)","[YEAR] Incidence of HIV, ages 15-49, female (per 1,000 uninfected female population ages 15-49)","Incidence of HIV, ages 15-49, male (per 1,000 uninfected male population ages 15-49)","[YEAR] Incidence of HIV, ages 15-49, male (per 1,000 uninfected male population ages 15-49)","Mortality from CVD, cancer, diabetes or CRD between exact ages 30 and 70, female (%)","[YEAR] Mortality from CVD, cancer, diabetes or CRD between exact ages 30 and 70, female (%)","Mortality from CVD, cancer, diabetes or CRD between exact ages 30 and 70, male (%)","[YEAR] Mortality from CVD, cancer, diabetes or CRD between exact ages 30 and 70, male (%)","Mortality rate attributed to household and ambient air pollution, age-standardized, female (per 100,000 female population)","[YEAR] Mortality rate attributed to household and ambient air pollution, age-standardized, female (per 100,000 female population)","Mortality rate attributed to household and ambient air pollution, age-standardized, male (per 100,000 male population)","[YEAR] Mortality rate attributed to household and ambient air pollution, age-standardized, male (per 100,000 male population)","Mortality rate attributed to unintentional poisoning, female (per 100,000 female population)","[YEAR] Mortality rate attributed to unintentional poisoning, female (per 100,000 female population)","Mortality rate attributed to unintentional poisoning, male (per 100,000 male population)","[YEAR] Mortality rate attributed to unintentional poisoning, male (per 100,000 male population)","Mortality rate, infant, female (per 1,000 live births)","[YEAR] Mortality rate, infant, female (per 1,000 live births)","Mortality rate, infant, male (per 1,000 live births)","[YEAR] Mortality rate, infant, male (per 1,000 live births)","Mortality rate, under-5, female (per 1,000 live births)","[YEAR] Mortality rate, under-5, female (per 1,000 live births)","Mortality rate, under-5, male (per 1,000 live births)","[YEAR] Mortality rate, under-5, male (per 1,000 live births)","Number of infant deaths, female","[YEAR] Number of infant deaths, female","Number of infant deaths, male","[YEAR] Number of infant deaths, male",Number of maternal deaths,[YEAR] Number of maternal deaths,"Number of under-five deaths, female","[YEAR] Number of under-five deaths, female","Number of under-five deaths, male","[YEAR] Number of under-five deaths, male",People practicing open defecation (% of population),[YEAR] People practicing open defecation (% of population),"People practicing open defecation, rural (% of rural population)","[YEAR] People practicing open defecation, rural (% of rural population)","People practicing open defecation, urban (% of urban population)","[YEAR] People practicing open defecation, urban (% of urban population)",Pregnant women receiving prenatal care (%),[YEAR] Pregnant women receiving prenatal care (%),Prevalence of anemia among women of reproductive age (% of women ages 15-49),[YEAR] Prevalence of anemia among women of reproductive age (% of women ages 15-49),"Prevalence of current tobacco use, females (% of female adults)","[YEAR] Prevalence of current tobacco use, females (% of female adults)","Prevalence of current tobacco use, males (% of male adults)","[YEAR] Prevalence of current tobacco use, males (% of male adults)","Prevalence of HIV, female (% ages 15-24)","[YEAR] Prevalence of HIV, female (% ages 15-24)","Prevalence of HIV, male (% ages 15-24)","[YEAR] Prevalence of HIV, male (% ages 15-24)","Prevalence of obesity, female (% of female population ages 18+)","[YEAR] Prevalence of obesity, female (% of female population ages 18+)","Prevalence of obesity, male (% of male population ages 18+)","[YEAR] Prevalence of obesity, male (% of male population ages 18+)","Prevalence of overweight, female (% of female adults)","[YEAR] Prevalence of overweight, female (% of female adults)","Prevalence of wasting, weight for height, male (% of children under 5)","[YEAR] Prevalence of wasting, weight for height, male (% of children under 5)","Probability of Survival to Age 5, Female","[YEAR] Probability of Survival to Age 5, Female","Probability of Survival to Age 5, Male","[YEAR] Probability of Survival to Age 5, Male","Suicide mortality rate, female (per 100,000 female population)","[YEAR] Suicide mortality rate, female (per 100,000 female population)","Suicide mortality rate, male (per 100,000 male population)","[YEAR] Suicide mortality rate, male (per 100,000 male population)","Survival Rate from Age 15-60, Female","[YEAR] Survival Rate from Age 15-60, Female","Survival Rate from Age 15-60, Male","[YEAR] Survival Rate from Age 15-60, Male","Total alcohol consumption per capita, female (liters of pure alcohol, projected estimates, female 15+ years of age)","[YEAR] Total alcohol consumption per capita, female (liters of pure alcohol, projected estimates, female 15+ years of age)","Total alcohol consumption per capita, male (liters of pure alcohol, projected estimates, male 15+ years of age)","[YEAR] Total alcohol consumption per capita, male (liters of pure alcohol, projected estimates, male 15+ years of age)",Women's share of population ages 15+ living with HIV (%),[YEAR] Women's share of population ages 15+ living with HIV (%),"Cause of death, by non-communicable diseases, ages 15-34, female (% of relevant age group)","[YEAR] Cause of death, by non-communicable diseases, ages 15-34, female (% of relevant age group)","Cause of death, by injury, ages 15-34, male (% of relevant age group)","[YEAR] Cause of death, by injury, ages 15-34, male (% of relevant age group)","Cause of death, by injury, ages 35-59, male (% of relevant age group)","[YEAR] Cause of death, by injury, ages 35-59, male (% of relevant age group)","Prevalence of overweight, male (% of male adults)","[YEAR] Prevalence of overweight, male (% of male adults)"
AGO,29.0,2019.0,27.0,2019.0,49.6,2016.0,70.1,2016.0,49.4,2016.0,57.0,2016.0,54.3,2016.0,13.5,2016.0,4.7,2016.0,15.5,2016.0,38.4,2016.0,34.6,2016.0,2.25,2019.0,0.78,2019.0,1.99,2019.0,0.9,2019.0,16.0,2016.0,17.2,2016.0,117.0,2016.0,120.0,2016.0,2.0,2016.0,3.4,2016.0,44.9,2019.0,55.3,2019.0,68.7,2019.0,80.4,2019.0,27888.0,2019.0,35328.0,2019.0,3000.0,2017.0,42018.0,2019.0,50672.0,2019.0,19.920736901713898,2017.0,54.8595431877468,2017.0,0.974061504352903,2017.0,81.6,2016.0,47.7,2016.0,,,,,1.2,2019.0,0.4,2019.0,12.1,2016.0,4.0,2016.0,34.9,2016.0,5.6,2015.0,0.928930759429932,2020.0,0.917002379894257,2020.0,2.5,2016.0,7.0,2016.0,0.78317928314209,2020.0,0.676909208297729,2020.0,3.1,2018.0,11.05,2018.0,69.6,2019.0,16.4,2016.0,35.1,2016.0,11.1,2016.0,19.5,2016.0
BEN,79.0,2019.0,49.0,2019.0,78.1,2018.0,51.8,2016.0,33.4,2016.0,38.4,2016.0,33.2,2016.0,13.1,2016.0,7.9,2016.0,34.1,2016.0,53.7,2016.0,52.0,2016.0,0.63,2019.0,0.32,2019.0,0.62,2019.0,0.42,2019.0,19.3,2016.0,19.9,2016.0,193.0,2016.0,219.0,2016.0,2.7,2016.0,4.3,2016.0,53.3,2019.0,64.4,2019.0,84.2,2019.0,96.0,2019.0,10872.0,2019.0,13670.0,2019.0,1600.0,2017.0,16961.0,2019.0,20139.0,2019.0,53.831500612213105,2017.0,75.4110670588148,2017.0,29.2693336371615,2017.0,83.2,2018.0,46.9,2016.0,1.9,2018.0,12.4,2018.0,0.4,2019.0,0.2,2019.0,14.2,2016.0,4.7,2016.0,37.3,2016.0,5.6,2018.0,0.913164734840393,2020.0,0.901170194149017,2020.0,5.9,2016.0,13.9,2016.0,0.791960597038269,2020.0,0.744294404983521,2020.0,1.14,2018.0,4.53,2018.0,61.3,2019.0,35.2,2016.0,32.5,2016.0,14.8,2016.0,21.2,2016.0
BWA,93.0,2019.0,71.0,2019.0,99.7,2015.0,75.6,2016.0,53.2,2016.0,56.9,2016.0,58.0,2016.0,10.6,2016.0,6.3,2016.0,13.6,2016.0,36.8,2016.0,31.7,2016.0,11.56,2019.0,4.79,2019.0,9.8,2019.0,6.88,2019.0,17.9,2016.0,23.4,2016.0,88.0,2016.0,120.0,2016.0,1.1,2016.0,1.2,2016.0,29.1,2019.0,35.3,2019.0,38.0,2019.0,45.1,2019.0,796.0,2019.0,997.0,2019.0,81.0,2017.0,1044.0,2019.0,1276.0,2019.0,11.0335373386395,2017.0,32.617622084048904,2017.0,1.19973918440309,2017.0,,,30.2,2016.0,10.1,2018.0,37.3,2018.0,9.3,2019.0,5.0,2019.0,29.3,2016.0,8.1,2016.0,56.5,2016.0,,,0.9671496152877809,2020.0,0.9601700305938721,2020.0,4.5,2016.0,14.2,2016.0,0.8397118449211121,2020.0,0.752315640449524,2020.0,2.51,2018.0,10.85,2018.0,57.1,2019.0,13.7,2016.0,33.2,2016.0,10.3,2016.0,29.7,2016.0
BFA,86.0,2019.0,50.0,2019.0,79.8,2015.0,51.2,2016.0,36.4,2016.0,42.2,2016.0,34.6,2016.0,15.6,2016.0,8.5,2016.0,27.4,2016.0,49.3,2016.0,48.4,2016.0,0.24,2019.0,0.16,2019.0,0.2,2019.0,0.18,2019.0,21.2,2016.0,22.5,2016.0,194.0,2016.0,223.0,2016.0,2.6,2016.0,3.4,2016.0,49.1,2019.0,58.7,2019.0,82.7,2019.0,92.2,2019.0,17977.0,2019.0,22461.0,2019.0,2400.0,2017.0,29890.0,2019.0,34854.0,2019.0,46.6653580743604,2017.0,62.53855080135779,2017.0,7.31399852965001,2017.0,80.2,2018.0,49.6,2016.0,7.2,2018.0,24.9,2018.0,0.4,2019.0,0.3,2019.0,8.1,2016.0,2.6,2016.0,29.2,2016.0,9.4,2018.0,0.9280066490173341,2020.0,0.919360160827637,2020.0,5.3,2016.0,10.2,2016.0,0.776439130306244,2020.0,0.743925452232361,2020.0,4.2,2018.0,20.17,2018.0,60.6,2019.0,33.2,2016.0,36.2,2016.0,17.0,2016.0,16.1,2016.0
BDI,98.0,2019.0,77.0,2019.0,85.1,2017.0,68.3,2016.0,40.4,2016.0,43.0,2016.0,40.6,2016.0,11.6,2016.0,6.0,2016.0,25.3,2016.0,51.0,2016.0,44.2,2016.0,0.25,2019.0,0.11,2019.0,0.23,2019.0,0.18,2019.0,22.7,2016.0,23.1,2016.0,173.0,2016.0,187.0,2016.0,3.7,2016.0,6.8,2016.0,35.5,2019.0,44.0,2019.0,51.7,2019.0,61.2,2019.0,7650.0,2019.0,9763.0,2019.0,2400.0,2017.0,11004.0,2019.0,13408.0,2019.0,2.6215245530748703,2017.0,2.9115202770376003,2017.0,0.629167957228702,2017.0,99.2,2017.0,26.7,2016.0,6.4,2018.0,18.8,2018.0,0.6,2019.0,0.4,2019.0,8.6,2016.0,2.1,2016.0,30.1,2016.0,5.6,2016.0,0.946466445922852,2020.0,0.9369269609451291,2020.0,4.9,2016.0,13.4,2016.0,0.751087248325348,2020.0,0.693440496921539,2020.0,2.79,2018.0,11.86,2018.0,60.1,2019.0,20.1,2016.0,34.3,2016.0,15.2,2016.0,13.9,2016.0
CPV,100.0,2019.0,85.0,2019.0,91.4,2015.0,34.0,2016.0,15.1,2016.0,19.6,2016.0,18.5,2016.0,22.3,2016.0,9.2,2016.0,30.3,2016.0,71.2,2016.0,58.7,2016.0,0.28,2019.0,0.2,2019.0,0.3,2019.0,0.29,2019.0,15.9,2016.0,19.0,2016.0,85.0,2016.0,120.0,2016.0,0.5,2016.0,0.6,2016.0,11.5,2019.0,14.0,2019.0,13.4,2019.0,16.3,2019.0,60.0,2019.0,74.0,2019.0,6.0,2017.0,70.0,2019.0,87.0,2019.0,20.1688840884682,2017.0,35.1134088304894,2017.0,12.213783403845401,2017.0,,,33.3,2016.0,,,,,0.2,2019.0,0.1,2019.0,16.3,2016.0,6.9,2016.0,41.4,2016.0,,,,,,,6.1,2016.0,16.5,2016.0,,,,,2.44,2018.0,8.81,2018.0,53.8,2019.0,43.7,2016.0,54.5,2016.0,22.9,2016.0,27.5,2016.0
CMR,67.0,2019.0,56.0,2019.0,64.7,2014.0,64.3,2016.0,36.8,2016.0,57.5,2016.0,47.9,2016.0,9.7,2016.0,4.6,2016.0,30.7,2016.0,37.9,2016.0,40.1,2016.0,1.64,2019.0,0.55,2019.0,1.44,2019.0,0.76,2019.0,20.9,2016.0,22.3,2016.0,190.0,2016.0,228.0,2016.0,2.2,2016.0,4.0,2016.0,44.8,2019.0,55.2,2019.0,68.7,2019.0,80.5,2019.0,19726.0,2019.0,24981.0,2019.0,4700.0,2017.0,29946.0,2019.0,36125.0,2019.0,6.951711179733599,2017.0,14.0584760202915,2017.0,1.3170866767241,2017.0,82.8,2014.0,41.4,2016.0,1.2,2018.0,17.5,2018.0,1.4,2019.0,0.6,2019.0,16.4,2016.0,6.1,2016.0,41.7,2016.0,5.6,2014.0,0.929256021976471,2020.0,0.918819665908813,2020.0,7.4,2016.0,17.1,2016.0,0.722602188587189,2020.0,0.685906171798706,2020.0,2.36,2018.0,8.96,2018.0,67.0,2019.0,26.0,2016.0,32.5,2016.0,12.0,2016.0,25.2,2016.0
CAF,53.0,2019.0,34.0,2019.0,,,70.1,2016.0,41.1,2016.0,68.1,2016.0,56.7,2016.0,14.8,2016.0,4.6,2016.0,15.1,2016.0,27.3,2016.0,30.0,2016.0,2.16,2019.0,1.2,2019.0,2.32,2019.0,1.68,2019.0,22.4,2016.0,23.9,2016.0,204.0,2016.0,221.0,2016.0,2.3,2016.0,4.2,2016.0,74.3,2019.0,87.5,2019.0,103.7,2019.0,116.2,2019.0,6027.0,2019.0,7295.0,2019.0,1400.0,2017.0,8409.0,2019.0,9686.0,2019.0,23.7521692868192,2016.0,35.5604326249041,2016.0,6.48892851521629,2016.0,,,46.0,2016.0,,,,,1.4,2019.0,0.9,2019.0,10.9,2016.0,3.7,2016.0,33.2,2016.0,,,0.890080869197845,2020.0,0.8774215579032901,2020.0,4.0,2016.0,11.5,2016.0,0.632054924964905,2020.0,0.550574660301209,2020.0,0.98,2018.0,3.85,2018.0,59.8,2019.0,15.0,2016.0,43.8,2016.0,13.3,2016.0,18.3,2016.0
TCD,70.0,2019.0,53.0,2019.0,20.2,2015.0,68.2,2016.0,41.7,2016.0,47.8,2016.0,39.4,2016.0,9.2,2016.0,6.1,2016.0,30.2,2016.0,46.1,2016.0,47.9,2016.0,0.71,2019.0,0.37,2019.0,0.59,2019.0,0.41,2019.0,23.7,2016.0,24.2,2016.0,262.0,2016.0,301.0,2016.0,2.4,2016.0,4.8,2016.0,62.5,2019.0,75.3,2019.0,106.9,2019.0,120.3,2019.0,20139.0,2019.0,24926.0,2019.0,7300.0,2017.0,33821.0,2019.0,39203.0,2019.0,66.9892929079598,2017.0,81.9799048977504,2017.0,16.3984409970847,2017.0,54.7,2015.0,47.7,2016.0,2.3,2018.0,21.3,2018.0,0.6,2019.0,0.4,2019.0,8.9,2016.0,3.1,2016.0,29.8,2016.0,14.7,2015.0,0.888165891170502,2020.0,0.8745089173316959,2020.0,7.4,2016.0,10.3,2016.0,0.667302072048187,2020.0,0.624893069267273,2020.0,0.5,2018.0,2.25,2018.0,60.5,2019.0,22.6,2016.0,28.1,2016.0,12.7,2016.0,16.0,2016.0
COM,81.0,2019.0,44.0,2019.0,,,53.2,2016.0,33.0,2016.0,30.0,2016.0,27.5,2016.0,17.7,2016.0,9.1,2016.0,31.5,2016.0,61.0,2016.0,56.7,2016.0,0.01,2019.0,0.02,2019.0,0.01,2019.0,0.02,2019.0,21.2,2016.0,24.8,2016.0,154.0,2016.0,192.0,2016.0,1.9,2016.0,2.8,2016.0,43.7,2019.0,52.8,2019.0,57.7,2019.0,68.0,2019.0,563.0,2019.0,713.0,2019.0,72.0,2017.0,740.0,2019.0,916.0,2019.0,0.591551800207426,2017.0,0.6179146883611589,2017.0,0.5263260003694529,2017.0,,,29.3,2016.0,9.2,2018.0,29.9,2018.0,0.1,2019.0,0.1,2019.0,12.2,2016.0,3.3,2016.0,35.7,2016.0,,,0.938073098659515,2020.0,0.9272921681404109,2020.0,3.6,2016.0,9.9,2016.0,0.807891488075256,2020.0,0.756652176380157,2020.0,0.18,2018.0,1.2,2018.0,43.1,2019.0,29.1,2016.0,35.5,2016.0,15.8,2016.0,18.2,2016.0
COD,51.0,2019.0,72.0,2019.0,80.1,2014.0,68.2,2016.0,40.7,2016.0,52.0,2016.0,47.7,2016.0,14.5,2016.0,5.6,2016.0,16.4,2016.0,42.4,2016.0,38.9,2016.0,0.55,2019.0,0.14,2019.0,0.48,2019.0,0.15,2019.0,19.2,2016.0,19.7,2016.0,166.0,2016.0,160.0,2016.0,2.5,2016.0,3.9,2016.0,59.9,2019.0,72.0,2019.0,77.9,2019.0,91.3,2019.0,102413.0,2019.0,126418.0,2019.0,16000.0,2017.0,131830.0,2019.0,159029.0,2019.0,12.0526831371321,2017.0,18.6275397176913,2017.0,3.64381883762877,2017.0,88.4,2014.0,41.0,2016.0,,,,,0.5,2019.0,0.2,2019.0,9.7,2016.0,3.6,2016.0,32.0,2016.0,,,0.91889101266861,2020.0,0.9053243398666379,2020.0,2.9,2016.0,8.4,2016.0,0.7781189680099491,2020.0,0.729076385498047,2020.0,0.83,2018.0,3.2,2018.0,72.8,2019.0,17.3,2016.0,43.0,2016.0,13.4,2016.0,18.0,2016.0
COG,27.0,2019.0,23.0,2019.0,94.4,2015.0,70.0,2016.0,48.8,2016.0,57.2,2016.0,57.7,2016.0,14.5,2016.0,5.8,2016.0,14.2,2016.0,36.9,2016.0,30.7,2016.0,4.27,2019.0,0.98,2019.0,3.47,2019.0,1.55,2019.0,17.4,2016.0,15.9,2016.0,138.0,2016.0,122.0,2016.0,1.0,2016.0,1.4,2016.0,31.2,2019.0,38.4,2019.0,43.7,2019.0,51.9,2019.0,2658.0,2019.0,3357.0,2019.0,650.0,2017.0,3688.0,2019.0,4516.0,2019.0,8.74509356105041,2017.0,23.012144548238897,2017.0,1.54469678407349,2017.0,93.5,2015.0,51.9,2016.0,2.0,2018.0,30.1,2018.0,2.2,2019.0,0.6,2019.0,13.5,2016.0,5.5,2016.0,37.4,2016.0,8.7,2014.0,0.954267382621765,2020.0,0.9457634687423709,2020.0,3.3,2016.0,8.4,2016.0,0.7628587484359741,2020.0,0.723024189472198,2020.0,3.96,2018.0,14.63,2018.0,68.2,2019.0,15.5,2016.0,36.9,2016.0,11.6,2016.0,24.2,2016.0
CIV,71.0,2019.0,53.0,2019.0,73.6,2016.0,57.3,2016.0,33.8,2016.0,48.5,2016.0,43.7,2016.0,13.0,2016.0,6.0,2016.0,36.5,2016.0,45.4,2016.0,45.1,2016.0,0.93,2019.0,0.2,2019.0,1.02,2019.0,0.59,2019.0,30.1,2016.0,28.2,2016.0,259.0,2016.0,279.0,2016.0,2.8,2016.0,5.1,2016.0,51.5,2019.0,65.3,2019.0,71.1,2019.0,87.1,2019.0,22826.0,2019.0,29712.0,2019.0,5400.0,2017.0,31121.0,2019.0,39209.0,2019.0,25.737221899815303,2017.0,43.6192322162788,2017.0,8.08688333718317,2017.0,93.2,2016.0,52.9,2016.0,1.6,2018.0,24.3,2018.0,1.1,2019.0,0.6,2019.0,15.2,2016.0,5.8,2016.0,39.5,2016.0,6.6,2016.0,0.92746239900589,2020.0,0.911338865756989,2020.0,8.3,2016.0,20.6,2016.0,0.679018318653107,2020.0,0.643198907375336,2020.0,1.05,2018.0,4.3,2018.0,65.8,2019.0,29.7,2016.0,29.7,2016.0,11.2,2016.0,24.5,2016.0
GNQ,52.0,2019.0,18.0,2019.0,,,54.6,2016.0,36.6,2016.0,40.2,2016.0,44.5,2016.0,14.7,2016.0,6.9,2016.0,28.4,2016.0,52.9,2016.0,41.9,2016.0,7.26,2019.0,3.85,2019.0,7.76,2019.0,5.63,2019.0,21.3,2016.0,22.6,2016.0,174.0,2016.0,181.0,2016.0,1.5,2016.0,2.2,2016.0,54.7,2019.0,66.0,2019.0,75.8,2019.0,87.8,2019.0,1175.0,2019.0,1457.0,2019.0,130.0,2017.0,1604.0,2019.0,1915.0,2019.0,2.8540711612175,2017.0,3.6326600000002096,2017.0,2.54594363636363,2017.0,,,43.7,2016.0,,,,,3.1,2019.0,1.6,2019.0,12.6,2016.0,3.8,2016.0,35.5,2016.0,,,,,,,7.7,2016.0,23.5,2016.0,,,,,3.27,2018.0,10.07,2018.0,51.5,2019.0,30.7,2016.0,35.0,2016.0,13.5,2016.0,18.7,2016.0
ERI,67.0,2019.0,60.0,2019.0,,,59.3,2016.0,33.9,2016.0,37.0,2016.0,30.3,2016.0,12.2,2016.0,7.8,2016.0,31.0,2016.0,55.3,2016.0,52.6,2016.0,0.22,2019.0,0.07,2019.0,0.19,2019.0,0.12,2019.0,22.7,2016.0,25.3,2016.0,150.0,2016.0,201.0,2016.0,2.7,2016.0,5.6,2016.0,26.0,2019.0,34.7,2019.0,35.2,2019.0,45.6,2019.0,1322.0,2019.0,1856.0,2019.0,510.0,2017.0,1800.0,2019.0,2447.0,2019.0,67.00394785442921,2016.0,88.65000000000009,2016.0,32.9000000000001,2016.0,,,38.1,2016.0,0.3,2018.0,14.2,2018.0,0.3,2019.0,0.2,2019.0,7.6,2016.0,2.0,2016.0,28.3,2016.0,,,,,,,3.6,2016.0,12.3,2016.0,,,,,0.5,2018.0,2.39,2018.0,59.4,2019.0,28.5,2016.0,35.1,2016.0,17.1,2016.0,14.7,2016.0
SWZ,100.0,2019.0,90.0,2019.0,88.3,2014.0,76.8,2016.0,47.9,2016.0,61.3,2016.0,65.7,2016.0,9.7,2016.0,4.8,2016.0,16.1,2016.0,33.9,2016.0,25.9,2016.0,15.38,2019.0,3.95,2019.0,13.97,2019.0,6.29,2019.0,24.4,2016.0,29.8,2016.0,124.0,2016.0,157.0,2016.0,3.4,2016.0,3.2,2016.0,34.4,2019.0,42.6,2019.0,44.7,2019.0,53.8,2019.0,503.0,2019.0,640.0,2019.0,130.0,2017.0,657.0,2019.0,811.0,2019.0,7.03740005456579,2017.0,9.02383188424074,2017.0,0.615655660106285,2017.0,98.5,2014.0,27.2,2016.0,2.2,2018.0,19.1,2018.0,12.3,2019.0,4.1,2019.0,26.2,2016.0,5.4,2016.0,52.6,2016.0,2.3,2014.0,0.950702786445618,2020.0,0.9407124519348141,2020.0,7.5,2016.0,19.5,2016.0,0.695531964302063,2020.0,0.526452779769897,2020.0,3.76,2018.0,17.02,2018.0,63.4,2019.0,13.4,2016.0,36.0,2016.0,8.3,2016.0,22.2,2016.0
ETH,75.0,2019.0,77.0,2019.0,27.7,2016.0,61.8,2016.0,39.5,2016.0,40.2,2016.0,35.6,2016.0,14.1,2016.0,6.9,2016.0,27.1,2016.0,52.8,2016.0,48.7,2016.0,0.33,2019.0,0.11,2019.0,0.29,2019.0,0.17,2019.0,18.0,2016.0,18.7,2016.0,132.0,2016.0,158.0,2016.0,2.2,2016.0,3.6,2016.0,31.4,2019.0,41.5,2019.0,44.9,2019.0,56.2,2019.0,54507.0,2019.0,74729.0,2019.0,14000.0,2017.0,77283.0,2019.0,100566.0,2019.0,22.350292073686198,2017.0,26.748783572687,2017.0,5.092001137544679,2017.0,62.4,2016.0,23.4,2016.0,0.9,2018.0,8.3,2018.0,0.4,2019.0,0.3,2019.0,6.9,2016.0,1.9,2016.0,28.0,2016.0,10.2,2016.0,0.9508458375930791,2020.0,0.938897550106049,2020.0,3.1,2016.0,11.2,2016.0,0.8188980221748349,2020.0,0.766833007335663,2020.0,0.83,2018.0,3.91,2018.0,62.7,2019.0,24.0,2016.0,33.4,2016.0,15.7,2016.0,13.4,2016.0
GAB,53.0,2019.0,52.0,2019.0,,,68.5,2016.0,45.0,2016.0,60.0,2016.0,52.9,2016.0,12.6,2016.0,4.8,2016.0,18.8,2016.0,35.2,2016.0,35.3,2016.0,1.87,2019.0,0.36,2019.0,1.54,2019.0,0.65,2019.0,13.9,2016.0,14.9,2016.0,73.0,2016.0,79.0,2016.0,0.8,2016.0,1.1,2016.0,27.4,2019.0,34.7,2019.0,38.2,2019.0,46.6,2019.0,902.0,2019.0,1173.0,2019.0,170.0,2017.0,1244.0,2019.0,1563.0,2019.0,2.95305509777504,2017.0,6.53785613963294,2017.0,2.5089031755422897,2017.0,,,59.1,2016.0,,,,,1.5,2019.0,0.5,2019.0,20.3,2016.0,9.6,2016.0,46.4,2016.0,,,0.9596600532531742,2020.0,0.951004922389984,2020.0,3.2,2016.0,10.7,2016.0,0.819949746131897,2020.0,0.763779878616333,2020.0,3.97,2018.0,13.17,2018.0,67.6,2019.0,18.9,2016.0,36.2,2016.0,11.8,2016.0,33.7,2016.0
GMB,37.0,2019.0,17.0,2019.0,,,67.1,2016.0,35.3,2016.0,56.0,2016.0,49.4,2016.0,11.8,2016.0,5.9,2016.0,28.7,2016.0,38.2,2016.0,39.9,2016.0,1.32,2019.0,0.46,2019.0,1.99,2019.0,1.54,2019.0,18.9,2016.0,21.9,2016.0,220.0,2016.0,254.0,2016.0,1.5,2016.0,2.3,2016.0,31.7,2019.0,39.9,2019.0,46.9,2019.0,56.4,2019.0,1380.0,2019.0,1787.0,2019.0,520.0,2017.0,2011.0,2019.0,2493.0,2019.0,1.07685627974443,2017.0,2.7330684206158398,2017.0,0.0,2017.0,,,57.5,2016.0,1.5,2018.0,27.3,2018.0,0.6,2019.0,0.2,2019.0,14.8,2016.0,5.6,2016.0,38.9,2016.0,6.4,2018.0,0.946369826793671,2020.0,0.9371575117111209,2020.0,3.7,2016.0,6.6,2016.0,0.779632568359375,2020.0,0.72404944896698,2020.0,1.16,2018.0,6.07,2018.0,61.0,2019.0,21.2,2016.0,36.0,2016.0,10.6,2016.0,24.5,2016.0
GHA,54.0,2019.0,33.0,2019.0,70.8,2014.0,56.4,2016.0,38.1,2016.0,42.1,2016.0,46.3,2016.0,15.6,2016.0,7.0,2016.0,30.4,2016.0,50.9,2016.0,40.7,2016.0,1.62,2019.0,0.42,2019.0,1.42,2019.0,0.78,2019.0,23.2,2016.0,18.2,2016.0,204.0,2016.0,203.0,2016.0,1.3,2016.0,2.0,2016.0,30.0,2019.0,37.5,2019.0,41.4,2019.0,50.7,2019.0,12803.0,2019.0,16825.0,2019.0,2700.0,2017.0,17549.0,2019.0,22619.0,2019.0,18.0563227863353,2017.0,31.2195146418319,2017.0,7.46224360690448,2017.0,97.5,2016.0,46.4,2016.0,0.4,2018.0,7.0,2018.0,1.0,2019.0,0.3,2019.0,16.6,2016.0,4.5,2016.0,41.0,2016.0,4.3,2014.0,0.9568520784378051,2020.0,0.947569131851196,2020.0,2.1,2016.0,8.7,2016.0,0.788930475711823,2020.0,0.74786114692688,2020.0,1.17,2018.0,4.4,2018.0,65.6,2019.0,27.9,2016.0,31.4,2016.0,13.0,2016.0,22.1,2016.0
GIN,62.0,2019.0,47.0,2019.0,55.3,2018.0,60.6,2016.0,39.0,2016.0,46.4,2016.0,41.5,2016.0,11.9,2016.0,6.1,2016.0,28.2,2016.0,47.5,2016.0,46.7,2016.0,1.04,2019.0,0.41,2019.0,0.85,2019.0,0.49,2019.0,22.9,2016.0,21.8,2016.0,237.0,2016.0,249.0,2016.0,2.1,2016.0,3.8,2016.0,57.7,2019.0,69.7,2019.0,92.7,2019.0,104.6,2019.0,12902.0,2019.0,15918.0,2019.0,2600.0,2017.0,20465.0,2019.0,23649.0,2019.0,14.350894160067199,2017.0,21.6909046910673,2017.0,1.18407078098853,2017.0,80.9,2018.0,50.6,2016.0,,,,,0.8,2019.0,0.4,2019.0,11.5,2016.0,3.7,2016.0,34.2,2016.0,9.3,2018.0,0.9041467905044559,2020.0,0.89458954334259,2020.0,5.0,2016.0,7.5,2016.0,0.770815193653107,2020.0,0.742903828620911,2020.0,0.34,2018.0,1.89,2018.0,67.0,2019.0,27.5,2016.0,32.8,2016.0,11.8,2016.0,18.7,2016.0
GNB,55.0,2019.0,22.0,2019.0,45.0,2014.0,71.9,2016.0,55.0,2016.0,64.3,2016.0,63.8,2016.0,11.1,2016.0,4.9,2016.0,21.0,2016.0,30.9,2016.0,28.2,2016.0,1.98,2019.0,1.07,2019.0,2.14,2019.0,1.55,2019.0,19.9,2016.0,20.2,2016.0,206.0,2016.0,225.0,2016.0,1.5,2016.0,2.9,2016.0,46.7,2019.0,57.6,2019.0,72.3,2019.0,84.5,2019.0,1513.0,2019.0,1917.0,2019.0,440.0,2017.0,2320.0,2019.0,2791.0,2019.0,16.8671356059782,2017.0,28.295560321543697,2017.0,1.68379144771063,2017.0,92.4,2014.0,43.8,2016.0,,,,,1.2,2019.0,0.7,2019.0,13.7,2016.0,5.0,2016.0,37.2,2016.0,6.3,2014.0,,,,,3.3,2016.0,4.7,2016.0,,,,,2.01,2018.0,8.95,2018.0,62.8,2019.0,17.0,2016.0,24.0,2016.0,8.0,2016.0,22.2,2016.0
KEN,80.0,2019.0,65.0,2019.0,61.8,2014.0,82.2,2016.0,62.6,2016.0,64.6,2016.0,65.8,2016.0,7.1,2016.0,4.2,2016.0,12.4,2016.0,31.2,2016.0,23.1,2016.0,2.27,2019.0,0.88,2019.0,1.84,2019.0,1.11,2019.0,13.0,2016.0,13.9,2016.0,75.0,2016.0,81.0,2016.0,1.1,2016.0,2.5,2016.0,28.5,2019.0,34.9,2019.0,39.2,2019.0,46.8,2019.0,20821.0,2019.0,26244.0,2019.0,5000.0,2017.0,28570.0,2019.0,35053.0,2019.0,10.344945363425198,2017.0,13.3961123717942,2017.0,1.90914946543646,2017.0,93.7,2015.0,27.2,2016.0,2.8,2018.0,20.8,2018.0,2.4,2019.0,1.3,2019.0,11.1,2016.0,2.8,2016.0,34.3,2016.0,4.5,2014.0,0.962614238262177,2020.0,0.955308020114899,2020.0,1.2,2016.0,5.1,2016.0,0.8085842132568359,2020.0,0.7383372187614441,2020.0,1.07,2018.0,4.55,2018.0,63.4,2019.0,10.6,2016.0,25.0,2016.0,11.0,2016.0,16.1,2016.0
LSO,71.0,2019.0,57.0,2019.0,77.9,2014.0,79.6,2016.0,59.8,2016.0,70.3,2016.0,74.5,2016.0,10.3,2016.0,5.5,2016.0,10.1,2016.0,24.1,2016.0,17.9,2016.0,14.71,2019.0,5.61,2019.0,13.86,2019.0,9.23,2019.0,25.2,2016.0,28.7,2016.0,166.0,2016.0,196.0,2016.0,3.3,2016.0,3.0,2016.0,61.1,2019.0,74.6,2019.0,78.9,2019.0,93.5,2019.0,1683.0,2019.0,2106.0,2019.0,310.0,2017.0,2182.0,2019.0,2649.0,2019.0,27.2799534750281,2017.0,35.3961360555995,2017.0,6.12753658901448,2017.0,95.2,2014.0,27.4,2016.0,4.6,2018.0,54.7,2018.0,10.1,2019.0,4.5,2019.0,26.7,2016.0,4.6,2016.0,53.7,2016.0,2.4,2018.0,0.9261818528175351,2020.0,0.912119448184967,2020.0,24.4,2016.0,17.8,2016.0,0.586081683635712,2020.0,0.46018958091735795,2020.0,1.59,2018.0,7.89,2018.0,58.8,2019.0,10.1,2016.0,30.2,2016.0,7.6,2016.0,21.1,2016.0
LBR,43.0,2019.0,21.0,2019.0,,,76.1,2016.0,48.1,2016.0,57.5,2016.0,51.5,2016.0,10.5,2016.0,6.6,2016.0,18.3,2016.0,36.0,2016.0,34.7,2016.0,1.18,2019.0,0.62,2019.0,0.84,2019.0,0.65,2019.0,17.7,2016.0,17.5,2016.0,172.0,2016.0,168.0,2016.0,1.1,2016.0,2.5,2016.0,56.3,2019.0,67.8,2019.0,78.2,2019.0,90.7,2019.0,4361.0,2019.0,5525.0,2019.0,1000.0,2017.0,6016.0,2019.0,7349.0,2019.0,39.612234355227706,2017.0,60.4425755130808,2017.0,19.3546556399542,2017.0,97.9,2016.0,34.7,2016.0,1.8,2018.0,15.1,2018.0,1.0,2019.0,0.6,2019.0,14.2,2016.0,5.5,2016.0,38.3,2016.0,5.5,2016.0,0.934984862804413,2020.0,0.9236354827880859,2020.0,6.6,2016.0,7.1,2016.0,0.795982480049133,2020.0,0.7553222179412841,2020.0,2.51,2018.0,9.74,2018.0,59.4,2019.0,13.4,2016.0,33.7,2016.0,13.9,2016.0,23.2,2016.0
MDG,15.0,2019.0,12.0,2019.0,,,64.4,2016.0,43.6,2016.0,37.3,2016.0,37.6,2016.0,13.0,2016.0,7.1,2016.0,25.6,2016.0,55.6,2016.0,49.3,2016.0,0.24,2019.0,0.14,2019.0,0.37,2019.0,0.44,2019.0,21.5,2016.0,24.5,2016.0,153.0,2016.0,167.0,2016.0,2.6,2016.0,4.0,2016.0,32.6,2019.0,40.2,2019.0,46.0,2019.0,55.0,2019.0,13860.0,2019.0,17596.0,2019.0,2800.0,2017.0,19320.0,2019.0,23790.0,2019.0,44.5757365168166,2017.0,56.7266132674065,2017.0,23.456592615190896,2017.0,87.0,2016.0,36.8,2016.0,11.0,2018.0,46.9,2018.0,0.1,2019.0,0.1,2019.0,7.5,2016.0,3.0,2016.0,29.6,2016.0,7.5,2018.0,0.951072454452515,2020.0,0.9420201182365421,2020.0,2.2,2016.0,5.6,2016.0,0.8221096992492679,2020.0,0.7711445093154911,2020.0,0.76,2018.0,3.2,2018.0,46.6,2019.0,22.6,2016.0,30.7,2016.0,13.0,2016.0,17.7,2016.0
MWI,87.0,2019.0,67.0,2019.0,89.8,2016.0,80.9,2016.0,57.5,2016.0,64.9,2016.0,64.6,2016.0,5.1,2016.0,3.7,2016.0,20.6,2016.0,31.4,2016.0,26.2,2016.0,4.74,2019.0,1.9,2019.0,4.23,2019.0,3.2,2019.0,14.5,2016.0,18.8,2016.0,104.0,2016.0,130.0,2016.0,1.5,2016.0,2.5,2016.0,27.3,2019.0,34.3,2019.0,37.2,2019.0,46.0,2019.0,8393.0,2019.0,10845.0,2019.0,2100.0,2017.0,11303.0,2019.0,14409.0,2019.0,5.71350908291015,2017.0,6.56215568395237,2017.0,1.4846952840631398,2017.0,97.6,2017.0,34.4,2016.0,5.2,2018.0,20.4,2018.0,4.2,2019.0,2.1,2019.0,9.1,2016.0,2.2,2016.0,31.5,2016.0,1.7,2018.0,0.9552342295646671,2020.0,0.945712506771088,2020.0,1.6,2016.0,5.8,2016.0,0.793013334274292,2020.0,0.681108295917511,2020.0,1.38,2018.0,6.0,2018.0,59.9,2019.0,14.0,2016.0,21.9,2016.0,9.2,2016.0,14.8,2016.0
MLI,41.0,2019.0,32.0,2019.0,67.3,2018.0,59.8,2016.0,36.6,2016.0,41.3,2016.0,38.9,2016.0,11.0,2016.0,5.1,2016.0,29.6,2016.0,53.6,2016.0,47.5,2016.0,,,,,,,,,26.2,2016.0,22.6,2016.0,216.0,2016.0,201.0,2016.0,2.4,2016.0,4.2,2016.0,54.6,2019.0,65.5,2019.0,88.4,2019.0,99.4,2019.0,21171.0,2019.0,26608.0,2019.0,4400.0,2017.0,33760.0,2019.0,39872.0,2019.0,7.19538700132702,2017.0,11.5771760705131,2017.0,1.03693394099838,2017.0,79.5,2018.0,51.3,2016.0,1.7,2018.0,22.4,2018.0,0.8,2019.0,0.4,2019.0,12.4,2016.0,4.6,2016.0,35.1,2016.0,10.4,2018.0,0.9078834652900699,2020.0,0.896959364414215,2020.0,2.7,2016.0,6.9,2016.0,0.759184896945953,2020.0,0.7398389577865601,2020.0,0.38,2018.0,2.2,2018.0,63.6,2019.0,29.2,2016.0,33.7,2016.0,13.5,2016.0,20.3,2016.0
MRT,61.0,2019.0,56.0,2019.0,69.3,2015.0,67.6,2016.0,39.7,2016.0,39.0,2016.0,41.0,2016.0,12.1,2016.0,7.0,2016.0,25.6,2016.0,54.0,2016.0,45.8,2016.0,,,,,,,,,18.0,2016.0,18.3,2016.0,157.0,2016.0,184.0,2016.0,1.2,2016.0,2.5,2016.0,44.7,2019.0,55.4,2019.0,66.8,2019.0,78.7,2019.0,3233.0,2019.0,4204.0,2019.0,1100.0,2017.0,4785.0,2019.0,5914.0,2019.0,31.931501667027803,2017.0,58.4498376623374,2017.0,8.24853896103923,2017.0,86.9,2015.0,37.2,2016.0,,,,,0.1,2019.0,0.1,2019.0,18.5,2016.0,6.6,2016.0,42.3,2016.0,13.3,2018.0,0.930406212806702,2020.0,0.9185703992843629,2020.0,2.2,2016.0,6.6,2016.0,0.825702726840973,2020.0,0.783282041549683,2020.0,0.009000000000000001,2018.0,0.062,2018.0,50.6,2019.0,20.3,2016.0,34.7,2016.0,13.2,2016.0,26.0,2016.0
MUS,25.0,2019.0,25.0,2019.0,99.8,2016.0,18.9,2016.0,9.9,2016.0,5.1,2016.0,8.2,2016.0,14.8,2016.0,4.0,2016.0,48.0,2016.0,90.9,2016.0,82.0,2016.0,0.45,2019.0,0.87,2019.0,0.57,2019.0,1.35,2019.0,17.5,2016.0,27.8,2016.0,28.0,2016.0,50.0,2016.0,0.1,2016.0,0.1,2016.0,12.8,2019.0,15.7,2019.0,14.4,2019.0,17.5,2019.0,80.0,2019.0,103.0,2019.0,8.0,2017.0,91.0,2019.0,115.0,2019.0,0.1306819212747,2017.0,0.22089948279019103,2017.0,0.0,2017.0,,,25.1,2016.0,5.4,2018.0,48.3,2018.0,0.2,2019.0,0.3,2019.0,15.7,2016.0,5.6,2016.0,39.8,2016.0,,,0.986093461513519,2020.0,0.9829877018928531,2020.0,2.4,2016.0,13.3,2016.0,0.9074196815490719,2020.0,0.8134357333183292,2020.0,1.81,2018.0,6.97,2018.0,30.4,2019.0,66.3,2016.0,42.1,2016.0,9.7,2016.0,24.3,2016.0
MOZ,67.0,2019.0,46.0,2019.0,,,77.5,2016.0,62.7,2016.0,69.4,2016.0,72.9,2016.0,6.5,2016.0,3.1,2016.0,16.7,2016.0,27.6,2016.0,21.0,2016.0,12.17,2019.0,5.48,2019.0,10.53,2019.0,7.39,2019.0,17.4,2016.0,19.6,2016.0,106.0,2016.0,114.0,2016.0,2.4,2016.0,3.5,2016.0,50.6,2019.0,58.8,2019.0,69.5,2019.0,78.8,2019.0,27885.0,2019.0,32920.0,2019.0,3100.0,2017.0,37851.0,2019.0,43656.0,2019.0,27.406046695234103,2017.0,38.0066126247339,2017.0,8.10796624315503,2017.0,94.0,2018.0,51.0,2016.0,5.4,2018.0,23.4,2018.0,7.1,2019.0,2.8,2019.0,10.5,2016.0,3.3,2016.0,33.6,2016.0,4.2,2015.0,0.931646585464478,2020.0,0.922249138355255,2020.0,2.5,2016.0,7.4,2016.0,0.7372101545333859,2020.0,0.6166110038757321,2020.0,0.88,2018.0,3.86,2018.0,61.9,2019.0,16.0,2016.0,20.6,2016.0,6.1,2016.0,18.0,2016.0
NAM,89.0,2019.0,76.0,2019.0,,,78.7,2016.0,44.9,2016.0,63.9,2016.0,58.7,2016.0,9.5,2016.0,4.9,2016.0,13.0,2016.0,31.2,2016.0,29.2,2016.0,6.18,2019.0,2.62,2019.0,6.64,2019.0,4.08,2019.0,18.7,2016.0,24.7,2016.0,129.0,2016.0,168.0,2016.0,1.5,2016.0,1.6,2016.0,27.6,2019.0,33.8,2019.0,38.5,2019.0,46.1,2019.0,959.0,2019.0,1187.0,2019.0,140.0,2017.0,1336.0,2019.0,1618.0,2019.0,48.712552307970896,2017.0,73.322627632353,2017.0,23.1031113088234,2017.0,,,23.2,2016.0,7.4,2018.0,28.4,2018.0,4.8,2019.0,2.7,2019.0,25.4,2016.0,7.5,2016.0,51.9,2016.0,,,0.964215576648712,2020.0,0.9567773938179019,2020.0,3.6,2016.0,14.1,2016.0,0.756442904472351,2020.0,0.656355619430542,2020.0,2.07,2018.0,9.1,2018.0,63.4,2019.0,11.8,2016.0,42.1,2016.0,12.1,2016.0,27.2,2016.0
NER,72.0,2019.0,51.0,2019.0,39.7,2015.0,69.0,2016.0,38.1,2016.0,46.0,2016.0,40.0,2016.0,10.3,2016.0,6.6,2016.0,26.2,2016.0,47.4,2016.0,46.5,2016.0,0.05,2019.0,0.03,2019.0,0.08,2019.0,0.09,2019.0,19.8,2016.0,20.1,2016.0,237.0,2016.0,267.0,2016.0,3.0,2016.0,5.3,2016.0,42.4,2019.0,50.7,2019.0,76.5,2019.0,84.0,2019.0,21635.0,2019.0,27161.0,2019.0,5100.0,2017.0,37867.0,2019.0,43768.0,2019.0,67.8490734578913,2017.0,78.9612658734279,2017.0,10.996798116723498,2017.0,,,49.5,2016.0,0.8,2018.0,16.3,2018.0,0.1,2019.0,0.1,2019.0,8.7,2016.0,2.5,2016.0,29.7,2016.0,12.7,2016.0,0.920304179191589,2020.0,0.912781298160553,2020.0,3.3,2016.0,5.9,2016.0,0.781256675720215,2020.0,0.7519094944000241,2020.0,0.2,2018.0,1.16,2018.0,57.4,2019.0,20.7,2016.0,35.7,2016.0,13.5,2016.0,14.6,2016.0
NGA,80.0,2019.0,50.0,2019.0,43.4,2018.0,67.7,2016.0,50.3,2016.0,55.7,2016.0,56.2,2016.0,8.9,2016.0,5.7,2016.0,25.0,2016.0,38.6,2016.0,33.8,2016.0,0.94,2019.0,0.5,2019.0,0.91,2019.0,0.66,2019.0,23.9,2016.0,20.9,2016.0,313.0,2016.0,301.0,2016.0,2.2,2016.0,3.7,2016.0,67.3,2019.0,80.6,2019.0,110.4,2019.0,123.6,2019.0,242125.0,2019.0,305991.0,2019.0,67000.0,2017.0,392609.0,2019.0,465290.0,2019.0,19.804316348288697,2017.0,30.579708811655802,2017.0,8.81959134989052,2017.0,67.0,2018.0,49.8,2016.0,0.5,2018.0,9.0,2018.0,0.6,2019.0,0.3,2019.0,13.1,2016.0,4.6,2016.0,36.1,2016.0,8.0,2018.0,0.8872001767158509,2020.0,0.873303890228271,2020.0,9.2,2016.0,9.9,2016.0,0.678516685962677,2020.0,0.6388838887214661,2020.0,4.37,2018.0,17.24,2018.0,58.5,2019.0,23.4,2016.0,24.7,2016.0,10.0,2016.0,21.7,2016.0
RWA,91.0,2019.0,85.0,2019.0,90.7,2015.0,57.2,2016.0,34.6,2016.0,38.5,2016.0,31.6,2016.0,16.0,2016.0,7.6,2016.0,27.5,2016.0,53.9,2016.0,50.8,2016.0,0.99,2019.0,0.36,2019.0,0.88,2019.0,0.63,2019.0,17.0,2016.0,19.6,2016.0,118.0,2016.0,125.0,2016.0,1.5,2016.0,3.2,2016.0,23.6,2019.0,28.9,2019.0,31.1,2019.0,37.5,2019.0,4559.0,2019.0,5716.0,2019.0,960.0,2017.0,5952.0,2019.0,7358.0,2019.0,2.1901181002197903,2017.0,2.30593540898513,2017.0,1.62962967403382,2017.0,97.6,2017.0,22.3,2016.0,6.9,2018.0,19.7,2018.0,1.1,2019.0,0.7,2019.0,9.3,2016.0,1.9,2016.0,33.5,2016.0,2.2,2015.0,0.9681693911552429,2020.0,0.961597740650177,2020.0,3.8,2016.0,9.7,2016.0,0.8416817188262941,2020.0,0.7868959903717041,2020.0,3.51,2018.0,14.75,2018.0,61.2,2019.0,26.8,2016.0,37.9,2016.0,17.6,2016.0,15.6,2016.0
SEN,89.0,2019.0,51.0,2019.0,68.4,2017.0,59.6,2016.0,35.6,2016.0,36.7,2016.0,34.4,2016.0,15.2,2016.0,7.3,2016.0,24.6,2016.0,56.0,2016.0,48.5,2016.0,0.09,2019.0,0.05,2019.0,0.13,2019.0,0.16,2019.0,17.2,2016.0,19.2,2016.0,152.0,2016.0,172.0,2016.0,1.6,2016.0,3.0,2016.0,29.0,2019.0,36.2,2019.0,41.1,2019.0,49.3,2019.0,7803.0,2019.0,10108.0,2019.0,1700.0,2017.0,10995.0,2019.0,13656.0,2019.0,13.754429797661901,2017.0,24.174897912227102,2017.0,1.8803590709283602,2017.0,97.1,2017.0,49.9,2016.0,0.7,2018.0,17.4,2018.0,0.1,2019.0,0.1,2019.0,12.9,2016.0,4.0,2016.0,35.9,2016.0,8.9,2019.0,0.960528075695038,2020.0,0.9524909257888791,2020.0,2.9,2016.0,9.3,2016.0,0.8579224348068241,2020.0,0.78676164150238,2020.0,0.23,2018.0,1.35,2018.0,58.3,2019.0,25.3,2016.0,39.8,2016.0,17.1,2016.0,19.5,2016.0
SLE,58.0,2019.0,30.0,2019.0,81.6,2017.0,60.0,2016.0,43.4,2016.0,42.9,2016.0,42.5,2016.0,9.6,2016.0,5.8,2016.0,28.7,2016.0,51.3,2016.0,45.7,2016.0,1.56,2019.0,0.83,2019.0,1.06,2019.0,0.79,2019.0,32.6,2016.0,28.2,2016.0,333.0,2016.0,314.0,2016.0,3.1,2016.0,5.2,2016.0,75.2,2019.0,86.3,2019.0,102.9,2019.0,115.2,2019.0,9450.0,2019.0,11022.0,2019.0,2900.0,2017.0,12900.0,2019.0,14680.0,2019.0,17.6223319690389,2017.0,25.9611975464945,2017.0,5.933181549964741,2017.0,97.4,2017.0,48.0,2016.0,8.5,2018.0,31.0,2018.0,1.2,2019.0,0.6,2019.0,13.3,2016.0,3.8,2016.0,36.0,2016.0,6.3,2017.0,0.901227355003357,2020.0,0.8890672922134399,2020.0,8.1,2016.0,11.3,2016.0,0.650606870651245,2020.0,0.6114742159843439,2020.0,1.61,2018.0,9.93,2018.0,60.2,2019.0,30.3,2016.0,27.9,2016.0,11.8,2016.0,19.1,2016.0
SOM,38.0,2019.0,31.0,2019.0,,,68.5,2016.0,41.0,2016.0,47.1,2016.0,42.9,2016.0,16.3,2016.0,8.5,2016.0,18.3,2016.0,44.4,2016.0,38.8,2016.0,0.04,2019.0,0.02,2019.0,0.05,2019.0,0.03,2019.0,22.0,2016.0,21.7,2016.0,204.0,2016.0,222.0,2016.0,3.2,2016.0,5.9,2016.0,67.9,2019.0,79.4,2019.0,110.6,2019.0,122.6,2019.0,21143.0,2019.0,25404.0,2019.0,5100.0,2017.0,33671.0,2019.0,38455.0,2019.0,27.527158472948898,2017.0,48.577858172503994,2017.0,1.15675951768503,2017.0,,,44.4,2016.0,,,,,0.1,2019.0,0.1,2019.0,12.3,2016.0,3.9,2016.0,35.9,2016.0,,,,,,,3.1,2016.0,6.3,2016.0,,,,,0.002,2018.0,0.016,2018.0,54.0,2019.0,15.2,2016.0,40.7,2016.0,18.3,2016.0,20.3,2016.0
ZAF,75.0,2019.0,63.0,2019.0,96.7,2016.0,77.9,2016.0,51.1,2016.0,52.9,2016.0,48.1,2016.0,9.0,2016.0,5.1,2016.0,12.0,2016.0,41.9,2016.0,37.1,2016.0,12.98,2019.0,3.29,2019.0,9.63,2019.0,4.52,2019.0,21.2,2016.0,32.3,2016.0,66.0,2016.0,118.0,2016.0,1.1,2016.0,1.3,2016.0,25.1,2019.0,29.8,2019.0,31.4,2019.0,37.3,2019.0,14537.0,2019.0,17804.0,2019.0,1400.0,2017.0,18262.0,2019.0,22369.0,2019.0,1.4454570251466,2017.0,2.9326475905290894,2017.0,0.674195628458506,2017.0,93.7,2016.0,25.8,2016.0,16.0,2018.0,46.8,2018.0,10.2,2019.0,3.4,2019.0,39.6,2016.0,15.4,2016.0,65.4,2016.0,2.1,2016.0,0.969260036945343,2020.0,0.963297784328461,2020.0,4.7,2016.0,18.7,2016.0,0.755095899105072,2020.0,0.627863347530365,2020.0,3.49,2018.0,15.91,2018.0,65.2,2019.0,13.1,2016.0,37.0,2016.0,14.7,2016.0,40.5,2016.0
SSD,20.0,2019.0,16.0,2019.0,,,76.7,2016.0,52.5,2016.0,63.9,2016.0,57.1,2016.0,10.6,2016.0,4.9,2016.0,17.5,2016.0,31.2,2016.0,31.2,2016.0,2.73,2019.0,1.49,2019.0,2.93,2019.0,2.13,2019.0,19.5,2016.0,20.0,2016.0,161.0,2016.0,169.0,2016.0,2.7,2016.0,5.3,2016.0,57.2,2019.0,67.2,2019.0,91.5,2019.0,100.8,2019.0,10768.0,2019.0,13152.0,2019.0,4500.0,2017.0,17210.0,2019.0,19706.0,2019.0,62.815870310845696,2017.0,74.8941627604167,2017.0,12.4611357499998,2017.0,,,34.0,2016.0,,,,,1.3,2019.0,0.7,2019.0,,,,,,,,,0.906556010246277,2020.0,0.8970147967338559,2020.0,2.6,2016.0,4.9,2016.0,0.7022260427474979,2020.0,0.6522982120513922,2020.0,,,,,58.9,2019.0,12.6,2016.0,30.0,2016.0,11.7,2016.0,,
SDN,21.0,2019.0,25.0,2019.0,77.5,2014.0,37.9,2016.0,15.2,2016.0,18.7,2016.0,12.8,2016.0,20.3,2016.0,6.5,2016.0,28.3,2016.0,74.8,2016.0,67.5,2016.0,0.1,2019.0,0.09,2019.0,0.12,2019.0,0.15,2019.0,24.3,2016.0,27.8,2016.0,175.0,2016.0,196.0,2016.0,2.9,2016.0,5.0,2016.0,36.3,2019.0,45.4,2019.0,53.2,2019.0,63.3,2019.0,23999.0,2019.0,31179.0,2019.0,3900.0,2017.0,34901.0,2019.0,43127.0,2019.0,24.312623689106,2017.0,36.1751899877227,2017.0,1.6608854791275,2017.0,79.1,2014.0,30.7,2016.0,,,,,0.1,2019.0,0.1,2019.0,,,,,,,16.9,2014.0,0.9447029232978821,2020.0,0.934529900550842,2020.0,4.0,2016.0,12.2,2016.0,0.81518965959549,2020.0,0.757316648960114,2020.0,0.14,2018.0,0.88,2018.0,48.4,2019.0,41.8,2016.0,56.4,2016.0,19.7,2016.0,,
TZA,83.0,2019.0,63.0,2019.0,63.5,2016.0,71.7,2016.0,50.8,2016.0,49.6,2016.0,57.7,2016.0,12.6,2016.0,7.5,2016.0,17.6,2016.0,42.9,2016.0,29.9,2016.0,3.19,2019.0,1.42,2019.0,3.07,2019.0,2.08,2019.0,17.4,2016.0,18.5,2016.0,135.0,2016.0,143.0,2016.0,2.2,2016.0,3.2,2016.0,32.9,2019.0,39.0,2019.0,46.6,2019.0,53.9,2019.0,33715.0,2019.0,41072.0,2019.0,11000.0,2017.0,47105.0,2019.0,56117.0,2019.0,11.748724565095301,2017.0,16.7076549501198,2017.0,1.7046878283734501,2017.0,98.0,2017.0,37.2,2016.0,3.1,2018.0,23.5,2018.0,2.2,2019.0,1.2,2019.0,12.7,2016.0,4.0,2016.0,35.5,2016.0,5.2,2015.0,0.9507547616958621,2020.0,0.9432574510574341,2020.0,3.2,2016.0,7.7,2016.0,0.810278356075287,2020.0,0.7536159753799442,2020.0,4.12,2018.0,18.79,2018.0,61.0,2019.0,15.7,2016.0,31.6,2016.0,12.3,2016.0,19.6,2016.0
TGO,75.0,2019.0,50.0,2019.0,44.6,2014.0,54.2,2016.0,32.9,2016.0,46.5,2016.0,40.5,2016.0,14.6,2016.0,7.1,2016.0,29.9,2016.0,46.3,2016.0,45.2,2016.0,1.22,2019.0,0.41,2019.0,1.08,2019.0,0.73,2019.0,23.1,2016.0,24.1,2016.0,234.0,2016.0,267.0,2016.0,1.8,2016.0,3.0,2016.0,41.0,2019.0,50.3,2019.0,61.3,2019.0,72.1,2019.0,5321.0,2019.0,6626.0,2019.0,1000.0,2017.0,7890.0,2019.0,9441.0,2019.0,47.690352594511005,2017.0,72.0807234842081,2017.0,12.826137829233401,2017.0,51.6,2017.0,48.9,2016.0,1.6,2018.0,13.5,2018.0,1.0,2019.0,0.5,2019.0,12.5,2016.0,3.9,2016.0,35.8,2016.0,7.6,2014.0,0.9360769391059879,2020.0,0.924702525138855,2020.0,6.4,2016.0,12.8,2016.0,0.759526610374451,2020.0,0.725777566432953,2020.0,1.02,2018.0,3.93,2018.0,62.9,2019.0,31.2,2016.0,37.2,2016.0,14.3,2016.0,19.6,2016.0
UGA,91.0,2019.0,77.0,2019.0,74.2,2016.0,64.0,2016.0,43.3,2016.0,44.6,2016.0,47.7,2016.0,15.2,2016.0,8.1,2016.0,23.0,2016.0,47.3,2016.0,38.9,2016.0,3.52,2019.0,1.28,2019.0,3.03,2019.0,2.18,2019.0,20.3,2016.0,23.8,2016.0,155.0,2016.0,156.0,2016.0,2.4,2016.0,4.0,2016.0,29.8,2019.0,36.9,2019.0,41.0,2019.0,50.5,2019.0,23978.0,2019.0,30484.0,2019.0,6000.0,2017.0,32624.0,2019.0,41429.0,2019.0,5.62366622367147,2017.0,6.70941731023345,2017.0,2.02864921796925,2017.0,97.3,2016.0,28.5,2016.0,4.0,2018.0,15.5,2018.0,2.8,2019.0,1.2,2019.0,8.6,2016.0,1.8,2016.0,30.9,2016.0,4.1,2016.0,0.9583927392959591,2020.0,0.9489182829856869,2020.0,9.1,2016.0,10.7,2016.0,0.7708939909935001,2020.0,0.701804339885712,2020.0,5.88,2018.0,24.62,2018.0,61.2,2019.0,20.7,2016.0,33.7,2016.0,13.4,2016.0,13.7,2016.0
ZMB,90.0,2019.0,79.0,2019.0,80.4,2018.0,71.5,2016.0,52.5,2016.0,57.5,2016.0,58.2,2016.0,11.4,2016.0,5.9,2016.0,19.9,2016.0,36.6,2016.0,30.8,2016.0,8.39,2019.0,3.73,2019.0,7.12,2019.0,4.95,2019.0,17.4,2016.0,18.5,2016.0,121.0,2016.0,134.0,2016.0,2.1,2016.0,3.8,2016.0,38.5,2019.0,46.1,2019.0,56.6,2019.0,66.4,2019.0,11969.0,2019.0,14770.0,2019.0,1300.0,2017.0,17407.0,2019.0,21053.0,2019.0,19.302868004330602,2017.0,31.7715654952076,2017.0,2.75840255591054,2017.0,96.9,2018.0,33.7,2016.0,4.4,2018.0,25.0,2018.0,5.5,2019.0,2.6,2019.0,12.4,2016.0,3.6,2016.0,36.3,2016.0,4.8,2018.0,0.947066426277161,2020.0,0.9374445080757141,2020.0,3.5,2016.0,8.8,2016.0,0.782057642936707,2020.0,0.6827702522277829,2020.0,2.62,2018.0,10.62,2018.0,59.8,2019.0,17.1,2016.0,27.5,2016.0,11.0,2016.0,19.0,2016.0
ZWE,89.0,2019.0,80.0,2019.0,78.1,2015.0,71.2,2016.0,42.4,2016.0,63.3,2016.0,63.8,2016.0,10.2,2016.0,5.4,2016.0,18.6,2016.0,31.3,2016.0,22.9,2016.0,6.68,2019.0,3.01,2019.0,5.64,2019.0,4.12,2019.0,19.8,2016.0,18.7,2016.0,133.0,2016.0,133.0,2016.0,2.3,2016.0,2.2,2016.0,34.0,2019.0,42.6,2019.0,49.6,2019.0,59.3,2019.0,7369.0,2019.0,9400.0,2019.0,2100.0,2017.0,10900.0,2019.0,13266.0,2019.0,24.9307233295805,2017.0,36.7382907510789,2017.0,0.11091316705176299,2017.0,93.3,2015.0,28.8,2016.0,1.3,2018.0,26.5,2018.0,5.9,2019.0,3.3,2019.0,25.3,2016.0,4.7,2016.0,52.8,2016.0,3.0,2019.0,0.958331108093262,2020.0,0.949370443820953,2020.0,6.0,2016.0,15.7,2016.0,0.666836738586426,2020.0,0.630772948265076,2020.0,1.63,2018.0,8.0,2018.0,59.6,2019.0,18.6,2016.0,39.0,2016.0,13.2,2016.0,22.2,2016.0
DZA,68.0,2019.0,62.0,2019.0,,,24.5,2016.0,5.3,2016.0,8.2,2016.0,5.7,2016.0,26.4,2016.0,9.4,2016.0,26.4,2016.0,82.4,2016.0,70.4,2016.0,0.05,2019.0,0.03,2019.0,0.08,2019.0,0.09,2019.0,13.2,2016.0,15.2,2016.0,44.0,2016.0,55.0,2016.0,0.6,2016.0,0.9,2016.0,18.6,2019.0,21.3,2019.0,21.8,2019.0,24.6,2019.0,9199.0,2019.0,11038.0,2019.0,1200.0,2017.0,10801.0,2019.0,12797.0,2019.0,0.772990468135801,2017.0,2.27696202531638,2017.0,0.18962025316454897,2017.0,,,35.7,2016.0,1.4,2018.0,36.3,2018.0,0.1,2019.0,0.1,2019.0,34.9,2016.0,19.9,2016.0,66.1,2016.0,,,0.978036820888519,2020.0,0.975075542926788,2020.0,1.7,2016.0,4.7,2016.0,0.9204614758491519,2020.0,0.8983560800552371,2020.0,0.25,2018.0,1.63,2018.0,45.6,2019.0,49.1,2016.0,68.3,2016.0,23.9,2016.0,57.8,2016.0
EGY,23.0,2019.0,36.0,2019.0,91.5,2014.0,18.6,2016.0,9.7,2016.0,4.2,2016.0,4.0,2016.0,22.8,2016.0,4.0,2016.0,42.3,2016.0,91.8,2016.0,85.5,2016.0,0.03,2019.0,0.04,2019.0,0.05,2019.0,0.13,2019.0,23.8,2016.0,31.5,2016.0,90.0,2016.0,130.0,2016.0,0.2,2016.0,0.3,2016.0,16.1,2019.0,18.5,2019.0,19.0,2019.0,21.5,2019.0,20103.0,2019.0,24525.0,2019.0,960.0,2017.0,23788.0,2019.0,28503.0,2019.0,0.0,2017.0,0.0,2017.0,0.0,2017.0,90.3,2014.0,28.5,2016.0,0.4,2018.0,42.3,2018.0,0.1,2019.0,0.1,2019.0,41.1,2016.0,22.7,2016.0,69.5,2016.0,9.4,2014.0,0.980090498924255,2020.0,0.9775654673576359,2020.0,1.5,2016.0,6.4,2016.0,0.895961821079254,2020.0,0.818982541561127,2020.0,0.09699999999999999,2018.0,0.62,2018.0,30.0,2019.0,58.6,2016.0,48.1,2016.0,10.5,2016.0,57.2,2016.0
DJI,49.0,2019.0,41.0,2019.0,,,58.3,2016.0,40.6,2016.0,47.0,2016.0,40.6,2016.0,15.0,2016.0,6.1,2016.0,31.1,2016.0,46.8,2016.0,48.4,2016.0,0.15,2019.0,0.1,2019.0,0.16,2019.0,0.15,2019.0,18.2,2016.0,21.2,2016.0,143.0,2016.0,177.0,2016.0,1.8,2016.0,2.9,2016.0,44.0,2019.0,52.6,2019.0,52.4,2019.0,62.3,2019.0,439.0,2019.0,545.0,2019.0,51.0,2017.0,525.0,2019.0,648.0,2019.0,17.317909696093,2017.0,66.4186332538914,2017.0,3.18362165573169,2017.0,,,32.7,2016.0,,,,,0.4,2019.0,0.4,2019.0,18.3,2016.0,8.6,2016.0,44.6,2016.0,,,,,,,4.3,2016.0,9.0,2016.0,,,,,0.12,2018.0,0.75,2018.0,56.3,2019.0,26.6,2016.0,28.3,2016.0,11.0,2016.0,32.3,2016.0
LBY,45.0,2019.0,29.0,2019.0,,,8.0,2016.0,2.3,2016.0,5.7,2016.0,4.8,2016.0,52.7,2016.0,17.7,2016.0,13.5,2016.0,76.6,2016.0,57.7,2016.0,0.05,2019.0,0.09,2019.0,0.06,2019.0,0.14,2019.0,15.9,2016.0,24.4,2016.0,54.0,2016.0,92.0,2016.0,0.4,2016.0,0.8,2016.0,8.8,2019.0,10.9,2019.0,10.4,2019.0,12.7,2019.0,532.0,2019.0,700.0,2019.0,92.0,2017.0,630.0,2019.0,818.0,2019.0,0.0,2017.0,,,,,,,32.5,2016.0,,,,,0.1,2019.0,0.1,2019.0,39.6,2016.0,25.0,2016.0,70.0,2016.0,,,,,,,2.2,2016.0,8.1,2016.0,,,,,0.005,2018.0,0.034,2018.0,30.1,2019.0,39.3,2016.0,84.2,2016.0,37.6,2016.0,63.4,2016.0
TUN,31.0,2019.0,15.0,2019.0,,,18.9,2016.0,5.0,2016.0,6.3,2016.0,4.3,2016.0,28.6,2016.0,9.1,2016.0,27.1,2016.0,84.7,2016.0,77.8,2016.0,0.04,2019.0,0.04,2019.0,0.06,2019.0,0.13,2019.0,12.2,2016.0,20.2,2016.0,42.0,2016.0,72.0,2016.0,0.4,2016.0,0.5,2016.0,13.1,2019.0,15.8,2019.0,15.4,2019.0,18.3,2019.0,1284.0,2019.0,1624.0,2019.0,90.0,2017.0,1509.0,2019.0,1889.0,2019.0,0.0,2017.0,0.0,2017.0,0.0,2017.0,,,31.2,2016.0,2.9,2018.0,49.1,2018.0,0.1,2019.0,0.1,2019.0,34.3,2016.0,19.1,2016.0,65.8,2016.0,2.1,2018.0,0.984520018100739,2020.0,0.9815779328346249,2020.0,2.3,2016.0,4.4,2016.0,0.933730185031891,2020.0,0.8949744701385501,2020.0,0.56,2018.0,3.75,2018.0,25.8,2019.0,52.5,2016.0,67.9,2016.0,17.9,2016.0,57.1,2016.0
STP,,,,,92.5,2014.0,35.3,2016.0,23.0,2016.0,19.3,2016.0,34.8,2016.0,14.9,2016.0,5.6,2016.0,32.3,2016.0,75.1,2016.0,50.9,2016.0,,,,,,,,,18.6,2016.0,18.7,2016.0,158.0,2016.0,168.0,2016.0,0.1,2016.0,1.6,2016.0,20.7,2019.0,26.1,2019.0,26.5,2019.0,32.9,2019.0,68.0,2019.0,88.0,2019.0,9.0,2017.0,87.0,2019.0,111.0,2019.0,47.433817152578,2017.0,62.198710263827294,2017.0,41.682794499128704,2017.0,97.5,2014.0,46.1,2016.0,1.4,2018.0,9.5,2018.0,,,,,16.9,2016.0,7.2,2016.0,41.6,2016.0,4.7,2014.0,,,,,1.6,2016.0,3.0,2016.0,,,,,2.55,2018.0,9.3,2018.0,,,49.8,2016.0,44.7,2016.0,14.3,2016.0,28.2,2016.0
SYC,,,,,,,21.8,2016.0,9.8,2016.0,7.8,2016.0,9.3,2016.0,19.1,2016.0,6.6,2016.0,44.8,2016.0,85.6,2016.0,75.9,2016.0,,,,,,,,,13.2,2016.0,28.7,2016.0,31.0,2016.0,70.0,2016.0,0.5,2016.0,0.7,2016.0,11.2,2019.0,13.3,2019.0,13.0,2019.0,15.4,2019.0,9.0,2019.0,11.0,2019.0,1.0,2017.0,10.0,2019.0,13.0,2019.0,0.0,2017.0,,,,,,,22.3,2016.0,6.9,2018.0,35.3,2018.0,,,,,20.5,2016.0,7.6,2016.0,45.1,2016.0,,,0.986782073974609,2020.0,0.984368443489075,2020.0,2.4,2016.0,16.4,2016.0,0.9029463529586791,2020.0,0.7995564937591549,2020.0,9.51,2018.0,31.96,2018.0,,,59.0,2016.0,45.4,2016.0,14.8,2016.0,28.5,2016.0
